Date,Open,High,Low,Close,Adj_Close,Volume
2000/3/27,3.8125,4.15625,3.8125,4.125,4.125,3675600
2000/3/28,4.125,4.125,4,4.015625,4.015625,1077600
2000/3/29,4,4.03125,3.953125,4,4,437200
2000/3/30,4,4,3.84375,3.84375,3.84375,1883600
2000/3/31,3.734375,3.734375,3.390625,3.390625,3.390625,7931600
2000/4/3,3.5,3.703125,3.4375,3.4375,3.4375,11486800
2000/4/4,3.53125,3.578125,3.09375,3.5,3.5,13136800
2000/4/5,3.46875,3.5625,3.453125,3.484375,3.484375,6349600
2000/4/6,3.5,3.59375,3.46875,3.578125,3.578125,7181200
2000/4/7,3.59375,3.8125,3.59375,3.609375,3.609375,13904800
2000/4/10,3.6875,3.75,3.625,3.640625,3.640625,5280800
2000/4/11,3.578125,3.65625,3.5625,3.578125,3.578125,6590000
2000/4/12,3.546875,3.640625,3.53125,3.578125,3.578125,8546400
2000/4/13,3.578125,3.65625,3.578125,3.613275,3.613275,6874400
2000/4/14,3.609375,3.625,3.53125,3.609375,3.609375,2626000
2000/4/17,3.578125,3.609375,3.515625,3.5625,3.5625,2992000
2000/4/18,3.609375,3.625,3.484375,3.515625,3.515625,2896000
2000/4/19,3.5625,3.65625,3.5625,3.59375,3.59375,4662400
2000/4/20,3.578125,3.6875,3.5625,3.65625,3.65625,4558800
2000/4/24,3.59375,3.65625,3.53125,3.5625,3.5625,3815200
2000/4/25,3.578125,3.78125,3.46875,3.765625,3.765625,4635600
2000/4/26,3.78125,4.125,3.75,3.828125,3.828125,5321200
2000/4/27,3.765625,3.765625,3.640625,3.703125,3.703125,4085200
2000/4/28,3.6875,3.75,3.625,3.75,3.75,3539200
2000/5/1,3.75,3.75,3.609375,3.6875,3.6875,4310000
2000/5/2,3.65625,3.6875,3.609375,3.640625,3.640625,2684400
2000/5/3,3.546875,3.640625,3.515625,3.5625,3.5625,4164400
2000/5/4,3.59375,3.6875,3.5625,3.6875,3.6875,3610400
2000/5/5,3.71875,3.84375,3.71875,3.78125,3.78125,1710800
2000/5/8,3.84375,3.90625,3.796875,3.8125,3.8125,1435600
2000/5/9,3.859375,3.875,3.75,3.75,3.75,1343600
2000/5/10,3.75,3.84375,3.71875,3.796875,3.796875,775200
2000/5/11,3.796875,3.875,3.6875,3.734375,3.734375,2287200
2000/5/12,3.734375,3.921875,3.734375,3.921875,3.921875,768400
2000/5/15,3.875,4.21875,3.875,4.09375,4.09375,1328400
2000/5/16,4.125,4.234375,4.078125,4.125,4.125,1263600
2000/5/17,4.125,4.125,3.953125,4,4,2517200
2000/5/18,4,4.03125,3.859375,3.890625,3.890625,2078800
2000/5/19,3.890625,3.90625,3.828125,3.828125,3.828125,630400
2000/5/22,3.859375,3.921875,3.828125,3.890625,3.890625,629600
2000/5/23,3.875,4,3.875,3.90625,3.90625,867200
2000/5/24,3.90625,4.1875,3.90625,4.109375,4.109375,2265600
2000/5/25,4.078125,4.40625,4.078125,4.328125,4.328125,3015200
2000/5/26,4.359375,4.53125,4.328125,4.5,4.5,2294000
2000/5/30,4.5,4.953125,4.5,4.9375,4.9375,3808800
2000/5/31,4.9375,5.15625,4.9375,5.078125,5.078125,3260000
2000/6/1,5.015625,5.0625,4.84375,4.96875,4.96875,1439200
2000/6/2,4.96875,5.03125,4.640625,4.796875,4.796875,1328000
2000/6/5,4.734375,4.734375,4.515625,4.53125,4.53125,2012800
2000/6/6,4.5625,4.5625,4.203125,4.28125,4.28125,3908800
2000/6/7,4.375,4.65625,4.375,4.625,4.625,2362400
2000/6/8,4.5625,4.625,4.546875,4.625,4.625,1389600
2000/6/9,4.59375,4.75,4.578125,4.625,4.625,1259200
2000/6/12,4.65625,4.734375,4.59375,4.65625,4.65625,828800
2000/6/13,4.625,4.640625,4.546875,4.59375,4.59375,917200
2000/6/14,4.65625,4.65625,4.546875,4.609375,4.609375,1511600
2000/6/15,4.609375,4.65625,4.578125,4.578125,4.578125,719200
2000/6/16,4.59375,4.609375,4.46875,4.5,4.5,1062000
2000/6/19,4.390625,4.59375,4.375,4.53125,4.53125,1400800
2000/6/20,4.5,4.515625,4.40625,4.453125,4.453125,1800000
2000/6/21,4.484375,4.75,4.453125,4.75,4.75,1013600
2000/6/22,4.6875,5.15625,4.578125,4.859375,4.859375,1576000
2000/6/23,4.890625,5.078125,4.890625,4.96875,4.96875,3058400
2000/6/26,5,5.0625,4.8125,4.96875,4.96875,2096400
2000/6/27,4.96875,5.0078,4.6875,4.78125,4.78125,2303200
2000/6/28,4.6875,5.125,4.53125,5.109375,5.109375,1966800
2000/6/29,5.140625,5.25,5.0625,5.0625,5.0625,1450400
2000/6/30,5.078125,5.125,4.621075,4.6289,4.6289,3830800
2000/7/3,4.71875,5.1875,4.71875,5.140625,5.140625,1035200
2000/7/5,5.140625,5.1875,4.90625,4.921875,4.921875,665600
2000/7/6,4.953125,5.109375,4.953125,5.0625,5.0625,660000
2000/7/7,5.125,5.15625,5,5.125,5.125,1048400
2000/7/10,5.140625,5.34375,5.140625,5.3125,5.3125,1723600
2000/7/11,5.359375,5.578125,5.34375,5.5,5.5,2323200
2000/7/12,5.5625,5.8125,5.453125,5.53125,5.53125,1302400
2000/7/13,5.5,5.9375,5.5,5.8125,5.8125,2296400
2000/7/14,5.875,5.890625,5.671875,5.734375,5.734375,1480400
2000/7/17,5.796875,5.8125,5.640625,5.703125,5.703125,1066400
2000/7/18,5.8125,6,5.8125,5.96875,5.96875,1789200
2000/7/19,6.03125,6.375,6,6.046875,6.046875,1901600
2000/7/20,6.09375,6.125,5.9375,6.015625,6.015625,734400
2000/7/21,5.984375,6.25,5.90625,6.21875,6.21875,1531600
2000/7/24,6.234375,6.234375,6.125,6.1875,6.1875,896000
2000/7/25,6.1875,6.25,6.125,6.125,6.125,931200
2000/7/26,6.125,6.125,5.921875,5.984375,5.984375,859200
2000/7/27,5.921875,5.984375,5.71875,5.875,5.875,804800
2000/7/28,5.84375,5.875,5.71875,5.765625,5.765625,626000
2000/7/31,5.75,5.8125,5.40625,5.453125,5.453125,1100400
2000/8/1,5.4375,5.671875,5.4375,5.65625,5.65625,873200
2000/8/2,5.65625,5.765625,5.65625,5.703125,5.703125,1701600
2000/8/3,5.625,5.796875,5.34375,5.78125,5.78125,1846800
2000/8/4,5.71875,5.828125,5.625,5.75,5.75,478000
2000/8/7,5.75,5.8125,5.65625,5.65625,5.65625,288000
2000/8/8,5.671875,5.6875,5.5,5.625,5.625,224000
2000/8/9,5.59375,5.625,5.4375,5.53125,5.53125,565600
2000/8/10,5.46875,5.5,5.3125,5.421875,5.421875,654000
2000/8/11,5.46875,5.671875,5.46875,5.609375,5.609375,502400
2000/8/14,5.578125,5.671875,5.578125,5.640625,5.640625,371200
2000/8/15,5.640625,5.71875,5.578125,5.703125,5.703125,502000
2000/8/16,5.703125,5.734375,5.65625,5.71875,5.71875,661600
2000/8/17,5.6875,5.734375,5.65625,5.6875,5.6875,569200
2000/8/18,5.65625,5.71875,5.5625,5.625,5.625,562000
2000/8/21,5.625,5.796875,5.625,5.796875,5.796875,691200
2000/8/22,5.75,5.765625,5.640625,5.71875,5.71875,326800
2000/8/23,5.71875,5.734375,5.640625,5.71875,5.71875,220000
2000/8/24,5.6875,5.71875,5.609375,5.6875,5.6875,708400
2000/8/25,5.6875,5.71875,5.625,5.671875,5.671875,272000
2000/8/28,5.65625,5.78125,5.640625,5.734375,5.734375,547600
2000/8/29,5.71875,5.984375,5.703125,5.984375,5.984375,540800
2000/8/30,5.953125,6.1875,5.921875,6.09375,6.09375,740400
2000/8/31,6.4375,6.59375,6.4375,6.5625,6.5625,2637600
2000/9/1,6.34375,6.40625,5.5625,5.65625,5.65625,4447200
2000/9/5,5.65625,5.8125,5.5,5.65625,5.65625,2281200
2000/9/6,5.703125,5.71875,5.421875,5.609375,5.609375,1290800
2000/9/7,5.625,5.65625,5.5625,5.65625,5.65625,779600
2000/9/8,5.703125,5.703125,5.46875,5.5625,5.5625,540400
2000/9/11,5.59375,5.59375,5.53125,5.578125,5.578125,264400
2000/9/12,5.625,5.625,5.359375,5.5625,5.5625,376000
2000/9/13,5.5625,5.5625,5.15625,5.25,5.25,1355200
2000/9/14,5.3125,5.375,5.21875,5.34375,5.34375,587200
2000/9/15,5.1875,5.265625,5.15625,5.21875,5.21875,889200
2000/9/18,5.21875,5.21875,4.84375,4.9375,4.9375,1698000
2000/9/19,4.953125,5.0625,4.90625,4.96875,4.96875,1422000
2000/9/20,5,5.0625,4.953125,5.046875,5.046875,334400
2000/9/21,5,5.09375,4.9375,4.96875,4.96875,1654400
2000/9/22,4.90625,5.0625,4.84375,5.0625,5.0625,623600
2000/9/25,5.015625,5.140625,5.015625,5.109375,5.109375,689600
2000/9/26,5.0625,5.1875,5.046875,5.15625,5.15625,1197600
2000/9/27,5.109375,5.296875,5.109375,5.125,5.125,1644000
2000/9/28,5.109375,5.3125,5.109375,5.25,5.25,1603200
2000/9/29,5.25,5.53125,5.15625,5.453125,5.453125,1176400
2000/10/2,5.40625,5.4375,5.046875,5.046875,5.046875,811600
2000/10/3,5.078125,5.21875,4.984375,5.03125,5.03125,1052400
2000/10/4,4.96875,5.046875,4.90625,4.984375,4.984375,984000
2000/10/5,5,5.375,4.984375,5.140625,5.140625,1110800
2000/10/6,5.125,5.28125,5.0625,5.28125,5.28125,1090800
2000/10/9,5.25,5.28125,5.0625,5.171875,5.171875,608000
2000/10/10,5.140625,5.1875,5.09375,5.15625,5.15625,609600
2000/10/11,5.125,5.234375,5.109375,5.203125,5.203125,862400
2000/10/12,5.21875,5.453125,5.21875,5.265625,5.265625,1015600
2000/10/13,5.234375,5.609375,5.203125,5.59375,5.59375,1256400
2000/10/16,5.59375,5.703125,5.46875,5.515625,5.515625,1276000
2000/10/17,5.515625,5.6875,5.46875,5.6875,5.6875,807600
2000/10/18,5.5625,5.734375,5.5,5.734375,5.734375,741600
2000/10/19,5.71875,5.859375,5.671875,5.859375,5.859375,537200
2000/10/20,5.859375,5.859375,5.71875,5.8125,5.8125,471600
2000/10/23,5.8125,5.921875,5.78125,5.921875,5.921875,688400
2000/10/24,5.890625,6.125,5.796875,6.046875,6.046875,1127600
2000/10/25,6.03125,6.125,5.859375,5.96875,5.96875,1634000
2000/10/26,5.9375,6,5.75,5.828125,5.828125,519200
2000/10/27,5.828125,5.875,5.75,5.75,5.75,262000
2000/10/30,5.75,5.75,5.578125,5.734375,5.734375,991600
2000/10/31,3.8125,4,3.34375,3.359375,3.359375,17944400
2000/11/1,3.375,3.390625,3,3.25,3.25,19073200
2000/11/2,3.296875,3.5625,3.265625,3.546875,3.546875,3819600
2000/11/3,3.515625,3.796875,3.5,3.796875,3.796875,2175200
2000/11/6,3.828125,3.828125,3.6875,3.75,3.75,2453200
2000/11/7,3.75,3.921875,3.625,3.8125,3.8125,2404400
2000/11/8,3.84375,3.875,3.703125,3.859375,3.859375,1165200
2000/11/9,3.84375,3.84375,3.6875,3.796875,3.796875,772800
2000/11/10,3.796875,3.796875,3.609375,3.671875,3.671875,1893600
2000/11/13,3.625,3.671875,3.546875,3.578125,3.578125,899200
2000/11/14,3.59375,3.625,3.46875,3.484375,3.484375,777600
2000/11/15,3.515625,3.625,3.453125,3.546875,3.546875,546800
2000/11/16,3.53125,3.65625,3.53125,3.5625,3.5625,1607600
2000/11/17,3.609375,3.609375,3.390625,3.546875,3.546875,1190000
2000/11/20,3.578125,3.578125,3.390625,3.4375,3.4375,530800
2000/11/21,3.4375,3.78125,3.421875,3.734375,3.734375,1920800
2000/11/22,3.703125,3.90625,3.671875,3.90625,3.90625,1391600
2000/11/24,3.859375,4,3.8125,4,4,835600
2000/11/27,3.96875,4,3.921875,3.984375,3.984375,1556000
2000/11/28,3.984375,4.0625,3.9375,4.015625,4.015625,2024800
2000/11/29,4.015625,4.09375,3.96875,4.03125,4.03125,736400
2000/11/30,4.03125,4.0625,3.859375,4.015625,4.015625,1464800
2000/12/1,4,4.109375,4,4.109375,4.109375,637200
2000/12/4,4.078125,4.078125,3.96875,3.96875,3.96875,988800
2000/12/5,3.96875,4.125,3.96875,4.078125,4.078125,743600
2000/12/6,4.03125,4.109375,3.9375,3.96875,3.96875,1084400
2000/12/7,4,4.0625,3.96875,4.015625,4.015625,702000
2000/12/8,4.03125,4.21875,3.96875,4.21875,4.21875,1495200
2000/12/11,4.1875,4.21875,4.09375,4.140625,4.140625,997600
2000/12/12,4.140625,4.15625,4,4,4,690400
2000/12/13,3.96875,4.03125,3.9375,3.953125,3.953125,746800
2000/12/14,4,4,3.75,3.765625,3.765625,856000
2000/12/15,3.71875,3.953125,3.6875,3.953125,3.953125,1132000
2000/12/18,3.96875,3.96875,3.84375,3.9375,3.9375,784000
2000/12/19,3.890625,4.25,3.875,4.203125,4.203125,4110800
2000/12/20,4.15625,4.171875,4.109375,4.125,4.125,774400
2000/12/21,4.125,4.1875,4.09375,4.140625,4.140625,595200
2000/12/22,4.15625,4.203125,4.125,4.1875,4.1875,552400
2000/12/26,4.1875,4.1875,4.125,4.15625,4.15625,830000
2000/12/27,4.15625,4.21875,4.125,4.203125,4.203125,1311200
2000/12/28,4.1875,4.421875,4.1875,4.34375,4.34375,1839600
2000/12/29,4.359375,4.53125,4.328125,4.4375,4.4375,2984400
2001/1/2,4.4375,4.4375,4.328125,4.34375,4.34375,928000
2001/1/3,4.34375,4.671875,4.3125,4.578125,4.578125,1235600
2001/1/4,4.546875,4.609375,4.46875,4.5625,4.5625,486400
2001/1/5,4.5,4.5,4.1875,4.21875,4.21875,2196000
2001/1/8,4.25,4.265625,4.21875,4.25,4.25,599600
2001/1/9,4.28125,4.46875,4.28125,4.359375,4.359375,1112400
2001/1/10,4.4375,4.59375,4.4375,4.5,4.5,1228000
2001/1/11,4.453125,4.5,4.4375,4.453125,4.453125,288400
2001/1/12,4.40625,4.5,4.390625,4.484375,4.484375,788000
2001/1/16,4.484375,4.5,4.359375,4.5,4.5,2159200
2001/1/17,4.5,4.5625,4.4375,4.484375,4.484375,1713200
2001/1/18,4.453125,4.59375,4.453125,4.5625,4.5625,668400
2001/1/19,4.5625,4.5625,4.34375,4.390625,4.390625,1036400
2001/1/22,4.390625,4.46875,4.34375,4.46875,4.46875,612400
2001/1/23,4.484375,4.5,4.296875,4.4375,4.4375,987600
2001/1/24,4.4375,4.5,4.390625,4.5,4.5,1004800
2001/1/25,4.46875,4.59375,4.4375,4.46875,4.46875,264400
2001/1/26,4.484375,4.5,4.34375,4.34375,4.34375,400000
2001/1/29,4.3425,4.57,4.3,4.5675,4.5675,462400
2001/1/30,4.5375,4.625,4.5025,4.6,4.6,477200
2001/1/31,4.5975,4.65,4.55,4.5625,4.5625,940400
2001/2/1,4.5375,4.65,4.5325,4.6125,4.6125,816000
2001/2/2,4.575,4.625,4.4875,4.625,4.625,723200
2001/2/5,4.6,4.6,4.4825,4.485,4.485,527200
2001/2/6,4.5,4.5,4.285,4.3175,4.3175,557200
2001/2/7,4.5,4.8,4.5,4.625,4.625,1782800
2001/2/8,4.65,4.8125,4.65,4.735,4.735,404800
2001/2/9,4.8125,4.925,4.7925,4.8625,4.8625,1292800
2001/2/12,4.875,5.42,4.875,5.375,5.375,1359600
2001/2/13,5.25,5.3625,5,5.035,5.035,690000
2001/2/14,5.0125,5.0875,5,5.05,5.05,348000
2001/2/15,5.025,5.25,5.0025,5.25,5.25,534000
2001/2/16,5.225,5.225,5.0125,5.1575,5.1575,483600
2001/2/20,5.1575,5.25,5.125,5.19,5.19,389200
2001/2/21,5.165,5.2175,5.13,5.2,5.2,311600
2001/2/22,5.15,5.35,5.11,5.32,5.32,716800
2001/2/23,5.315,5.315,5,5.15,5.15,446800
2001/2/26,5.15,5.25,5.1175,5.25,5.25,469200
2001/2/27,5.2375,5.6875,5.1325,5.4375,5.4375,730000
2001/2/28,5.5,5.5,5.225,5.2375,5.2375,447200
2001/3/1,5.275,5.3625,5.25,5.3075,5.3075,697200
2001/3/2,5.3075,5.325,5,5.0625,5.0625,742800
2001/3/5,5.075,5.1,4.9625,4.995,4.995,477200
2001/3/6,4.995,5.0575,4.9875,4.995,4.995,1457600
2001/3/7,4.9375,4.96,4.725,4.775,4.775,1751200
2001/3/8,4.8,4.92,4.8,4.8375,4.8375,538400
2001/3/9,4.8625,4.9,4.7575,4.785,4.785,511200
2001/3/12,4.775,4.825,4.7625,4.7875,4.7875,481200
2001/3/13,4.7875,4.9625,4.755,4.9625,4.9625,502800
2001/3/14,4.9,5,4.825,4.965,4.965,745600
2001/3/15,4.99,4.99,4.88,4.88,4.88,827200
2001/3/16,4.875,4.8775,4.8375,4.85,4.85,885200
2001/3/19,4.85,4.85,4.75,4.8,4.8,328000
2001/3/20,4.8,4.825,4.66,4.66,4.66,1427200
2001/3/21,4.625,4.6475,4.5875,4.62,4.62,706000
2001/3/22,4.6,4.6,4.35,4.5,4.5,1355600
2001/3/23,4.475,4.55,4.425,4.45,4.45,706400
2001/3/26,4.45,4.55,4.45,4.475,4.475,410800
2001/3/27,4.5,4.6375,4.4875,4.6175,4.6175,1566000
2001/3/28,4.6075,4.6075,4.465,4.485,4.485,975600
2001/3/29,4.5125,4.9875,4.5,4.8775,4.8775,622400
2001/3/30,4.8625,4.9875,4.775,4.9,4.9,939200
2001/4/2,4.85,4.9875,4.8425,4.8525,4.8525,658400
2001/4/3,4.825,4.83,4.6,4.6,4.6,879200
2001/4/4,4.65,4.7125,4.5925,4.7125,4.7125,798000
2001/4/5,4.7,4.8925,4.6775,4.775,4.775,3368400
2001/4/6,4.775,4.95,4.7625,4.875,4.875,2316000
2001/4/9,4.85,4.975,4.785,4.8375,4.8375,800400
2001/4/10,4.775,4.8875,4.725,4.7825,4.7825,582800
2001/4/11,4.9,4.9,4.45,4.6025,4.6025,767600
2001/4/12,4.5625,4.63,4.5325,4.62,4.62,628400
2001/4/16,4.65,4.7075,4.5575,4.6625,4.6625,646400
2001/4/17,4.665,4.815,4.65,4.775,4.775,582800
2001/4/18,4.75,4.88,4.6875,4.75,4.75,1514000
2001/4/19,4.7375,5.255,4.7375,5,5,2932000
2001/4/20,4.9375,5,4.9125,4.995,4.995,1032400
2001/4/23,5.0275,5.0275,4.9875,5,5,633200
2001/4/24,5,5.0125,4.95,4.9875,4.9875,738000
2001/4/25,5,5,4.9125,4.94,4.94,591600
2001/4/26,4.9875,5.05,4.9075,4.91,4.91,602000
2001/4/27,5,5.525,5,5.525,5.525,1667600
2001/4/30,5.5125,5.8,5.35,5.4125,5.4125,2452000
2001/5/1,5.475,5.6,5.475,5.6,5.6,1768400
2001/5/2,5.5975,5.5975,5.505,5.525,5.525,730000
2001/5/3,5.555,5.6275,5.52,5.5475,5.5475,680800
2001/5/4,5.5475,5.7625,5.5125,5.7625,5.7625,749600
2001/5/7,5.7625,5.925,5.615,5.615,5.615,1848000
2001/5/8,5.6525,5.75,5.65,5.6975,5.6975,1064400
2001/5/9,5.6975,5.6975,5.59,5.6275,5.6275,659600
2001/5/10,5.6375,5.65,5.6,5.6225,5.6225,2102000
2001/5/11,5.6225,5.6875,5.515,5.575,5.575,2115200
2001/5/14,5.6,5.775,5.6,5.7425,5.7425,2647600
2001/5/15,5.75,5.9,5.7375,5.8375,5.8375,631600
2001/5/16,5.8125,5.94,5.8025,5.94,5.94,1790000
2001/5/17,5.925,6,5.9,6,6,1220800
2001/5/18,5.9375,5.9875,5.875,5.955,5.955,351200
2001/5/21,5.9575,6.1,5.9,6,6,1394000
2001/5/22,6,6.0275,5.7625,5.7625,5.7625,904400
2001/5/23,5.75,5.96,5.5025,5.8825,5.8825,671200
2001/5/24,5.8575,5.9125,5.7125,5.75,5.75,507600
2001/5/25,5.8,5.8,5.5375,5.645,5.645,882000
2001/5/29,5.645,5.675,5.525,5.595,5.595,1047200
2001/5/30,5.6,5.825,5.5,5.5,5.5,684800
2001/5/31,5.5625,5.8375,5.5625,5.7925,5.7925,1158000
2001/6/1,5.9425,5.975,5.815,5.965,5.965,715600
2001/6/4,5.965,6.0375,5.9275,6.0175,6.0175,867600
2001/6/5,6.08,6.25,6.08,6.1625,6.1625,2896000
2001/6/6,6.1875,6.3025,6.185,6.25,6.25,1427600
2001/6/7,6.25,6.345,6.2275,6.2925,6.2925,2235200
2001/6/8,6.25,6.29,6.2,6.2625,6.2625,1014800
2001/6/11,6.2375,6.325,6.16,6.2,6.2,1052400
2001/6/12,6.2,6.2,6.05,6.115,6.115,1103600
2001/6/13,6.1475,6.245,6.09,6.095,6.095,654800
2001/6/14,6.07,6.07,5.9475,5.995,5.995,526400
2001/6/15,5.9325,5.9975,5.8875,5.97,5.97,651200
2001/6/18,5.97,6.075,5.97,6.0075,6.0075,634400
2001/6/19,6,6.04,6,6.03,6.03,541600
2001/6/20,6.0325,6.2375,6.0325,6.135,6.135,628000
2001/6/21,6.135,6.22,6.105,6.165,6.165,309600
2001/6/22,6.2275,6.2425,6.0625,6.175,6.175,930000
2001/6/25,6.1125,6.2175,6.1,6.1725,6.1725,1610400
2001/6/26,6.1375,6.3,6.1375,6.27,6.27,639600
2001/6/27,6.27,6.6125,6.27,6.37,6.37,1223600
2001/6/28,6.3125,6.425,6.2875,6.375,6.375,614800
2001/6/29,6.375,6.6,6.2875,6.59,6.59,2944000
2001/7/2,6.59,6.775,6.5125,6.575,6.575,1291600
2001/7/3,6.5875,6.6375,6.5625,6.5625,6.5625,226000
2001/7/5,6.5625,6.8125,6.5,6.535,6.535,690800
2001/7/6,6.535,6.535,6.37,6.37,6.37,246400
2001/7/9,6.4325,6.6125,6.375,6.6075,6.6075,474400
2001/7/10,6.6,6.675,6.52,6.655,6.655,648400
2001/7/11,6.68,6.695,6.525,6.66,6.66,572400
2001/7/12,6.635,6.75,6.635,6.74,6.74,586400
2001/7/13,6.74,7,6.74,6.945,6.945,1958400
2001/7/16,6.9125,6.925,6.5,6.535,6.535,624800
2001/7/17,6.56,6.675,6.5125,6.57,6.57,779600
2001/7/18,6.57,6.57,6.3875,6.4675,6.4675,650800
2001/7/19,6.4675,6.4725,5.985,6.0125,6.0125,1647200
2001/7/20,5.875,6,5.375,5.7875,5.7875,3481600
2001/7/23,5.7875,5.8,5.7,5.76,5.76,2436800
2001/7/24,5.7675,6,5.7625,5.97,5.97,1121200
2001/7/25,5.95,5.9525,5.85,5.8625,5.8625,776400
2001/7/26,5.8375,6.0325,5.775,6.0275,6.0275,1280400
2001/7/27,6.1875,6.4,5.9375,6.25,6.25,1973600
2001/7/30,6.25,6.43,6.175,6.2125,6.2125,1294000
2001/7/31,6.2125,6.25,6.1125,6.195,6.195,896400
2001/8/1,6.2375,6.275,6.175,6.225,6.225,1061600
2001/8/2,6.3125,6.3125,6,6.0225,6.0225,776000
2001/8/3,6.025,6.0875,5.875,5.9875,5.9875,642000
2001/8/6,5.9875,6.1,5.975,6.07,6.07,1097200
2001/8/7,6.05,6.175,6.05,6.095,6.095,1038800
2001/8/8,6.095,6.205,6.0875,6.0875,6.0875,1262000
2001/8/9,6.0375,6.0625,5.9275,5.995,5.995,476800
2001/8/10,5.9875,6.07,5.925,5.9625,5.9625,1051200
2001/8/13,6,6.13,6,6.0375,6.0375,649200
2001/8/14,6.0625,6.265,6.0575,6.265,6.265,511600
2001/8/15,6.265,6.45,6.265,6.3075,6.3075,712000
2001/8/16,6.2825,6.405,6.2125,6.245,6.245,416000
2001/8/17,6.2125,6.385,6.2125,6.3625,6.3625,454800
2001/8/20,6.3625,6.505,6.25,6.505,6.505,660000
2001/8/21,6.505,6.505,6.275,6.32,6.32,771200
2001/8/22,6.4,6.475,6.2625,6.3875,6.3875,396800
2001/8/23,6.425,6.55,6.3125,6.4975,6.4975,602800
2001/8/24,6.475,6.475,6.33,6.4375,6.4375,474800
2001/8/27,6.4375,6.5125,6.3125,6.4125,6.4125,494400
2001/8/28,6.4,6.425,6.285,6.285,6.285,460400
2001/8/29,6.3125,6.55,6.2975,6.525,6.525,766800
2001/8/30,6.5,6.625,6.4875,6.57,6.57,824400
2001/8/31,6.54,6.65,6.5075,6.5725,6.5725,558000
2001/9/4,6.5625,6.59,6.475,6.5,6.5,878400
2001/9/5,6.5,6.525,6.4875,6.505,6.505,1026800
2001/9/6,6.5025,6.525,6.4625,6.5,6.5,952400
2001/9/7,6.5025,6.525,6.3625,6.515,6.515,640400
2001/9/10,6.465,6.55,6.3875,6.4125,6.4125,803600
2001/9/17,6.1625,6.3875,6.075,6.205,6.205,1071200
2001/9/18,6.205,6.225,5.925,5.9375,5.9375,850000
2001/9/19,6,6,5.75,5.815,5.815,938400
2001/9/20,5.7525,5.7525,5.4125,5.5075,5.5075,770800
2001/9/21,5.425,5.5,5.35,5.4125,5.4125,1150400
2001/9/24,5.375,5.4625,5.1,5.25,5.25,1494000
2001/9/25,5.25,5.3375,5.2,5.28,5.28,890000
2001/9/26,5.3425,5.55,5.325,5.5125,5.5125,1570800
2001/9/27,5.5,5.625,5.275,5.58,5.58,1117200
2001/9/28,5.625,5.9875,5.6,5.6,5.6,879600
2001/10/1,5.65,5.925,5.65,5.8175,5.8175,994800
2001/10/2,5.8375,6,5.8375,5.965,5.965,1065200
2001/10/3,5.9625,6.0625,5.7675,5.8125,5.8125,951600
2001/10/4,5.8375,6.075,5.8375,6.0325,6.0325,604800
2001/10/5,6.0575,6.1475,5.8425,6.0625,6.0625,876000
2001/10/8,6.05,6.125,6.025,6.1025,6.1025,963600
2001/10/9,6.05,6.0875,5.95,6.0375,6.0375,974000
2001/10/10,6.05,6.2,5.925,6.075,6.075,1755600
2001/10/11,6.0825,6.2375,6.0825,6.175,6.175,843600
2001/10/12,6.2125,6.2125,6.0375,6.1225,6.1225,1004400
2001/10/15,6.1225,6.125,5.9925,6.0225,6.0225,1559200
2001/10/16,6.0225,6.175,6.0125,6.175,6.175,1093600
2001/10/17,6.175,6.2875,6.16,6.1625,6.1625,1020800
2001/10/18,6.15,6.2775,6.08,6.27,6.27,988800
2001/10/19,6.275,6.6,6.2675,6.565,6.565,944400
2001/10/22,6.565,6.625,6.45,6.505,6.505,605600
2001/10/23,6.475,6.6625,6.475,6.5875,6.5875,866000
2001/10/24,6.5875,6.615,6.5125,6.575,6.575,728800
2001/10/25,6.55,6.75,6.49,6.725,6.725,735200
2001/10/26,6.725,6.725,6.35,6.49,6.49,1451600
2001/10/29,6.4375,6.4375,6.155,6.1625,6.1625,1157200
2001/10/30,6.2,6.2875,6.14,6.275,6.275,1318400
2001/10/31,6.3,6.4475,6.275,6.35,6.35,983200
2001/11/1,6.3525,6.4875,6.3525,6.4875,6.4875,1248400
2001/11/2,6.4875,6.5625,6.42,6.555,6.555,550000
2001/11/5,6.52,6.6,6.47,6.47,6.47,735200
2001/11/6,6.45,6.4525,6.23,6.425,6.425,1154000
2001/11/7,6.375,6.4,6.26,6.2625,6.2625,922000
2001/11/8,6.2625,6.3125,6.25,6.2625,6.2625,738400
2001/11/9,6.275,6.325,6.27,6.315,6.315,672000
2001/11/12,6.3125,6.375,6.2925,6.35,6.35,638800
2001/11/13,6.3375,6.375,6.05,6.23,6.23,1015600
2001/11/14,6.23,6.23,6.05,6.07,6.07,1244000
2001/11/15,6.0075,6.03,5.9,5.9225,5.9225,963200
2001/11/16,5.925,5.93,5.815,5.8525,5.8525,754000
2001/11/19,5.8525,5.8625,5.7625,5.8375,5.8375,943200
2001/11/20,5.8625,6.1175,5.8625,6.1,6.1,1491200
2001/11/21,6.1,6.2925,6.1,6.25,6.25,594400
2001/11/23,6.225,6.3,6.2125,6.3,6.3,308800
2001/11/26,6.3,6.46,6.3,6.425,6.425,541200
2001/11/27,6.425,6.43,6.1775,6.225,6.225,713600
2001/11/28,6.225,6.27,6.2125,6.235,6.235,416000
2001/11/29,6.225,6.4325,6.225,6.4325,6.4325,426400
2001/11/30,6.4325,6.4675,6.3125,6.3125,6.3125,866000
2001/12/3,6.3025,6.35,5.975,6.1175,6.1175,1183600
2001/12/4,6.125,6.4425,6.1075,6.3875,6.3875,618400
2001/12/5,6.375,6.4875,6.225,6.355,6.355,1070000
2001/12/6,6.3375,6.4725,6.325,6.405,6.405,606800
2001/12/7,6.4,6.54,6.4,6.4575,6.4575,929600
2001/12/10,6.45,6.4525,6.1,6.17,6.17,954000
2001/12/11,6.2325,6.5125,6.2,6.5125,6.5125,1242800
2001/12/12,6.5125,6.6275,6.4625,6.62,6.62,970000
2001/12/13,6.595,6.75,6.595,6.725,6.725,1365600
2001/12/14,6.7375,6.7875,6.5625,6.6725,6.6725,1175200
2001/12/17,6.6875,7.1,6.6875,7.1,7.1,3472000
2001/12/18,7.1875,7.2875,6.9375,7.115,7.115,1639200
2001/12/19,7.0875,7.0875,6.8625,6.92,6.92,1231200
2001/12/20,6.875,6.9925,6.825,6.8875,6.8875,992800
2001/12/21,6.8375,6.925,6.725,6.86,6.86,2464400
2001/12/24,6.9225,7.175,6.875,7.155,7.155,498800
2001/12/26,7.175,7.275,7.05,7.1375,7.1375,700000
2001/12/27,7.1,7.1025,6.8875,6.9025,6.9025,774800
2001/12/28,6.9375,7.275,6.9375,7.19,7.19,1032800
2001/12/31,7.19,7.19,6.8875,6.9075,6.9075,810000
2002/1/2,6.9125,6.93,6.625,6.85,6.85,1211200
2002/1/3,6.875,6.9975,6.75,6.7625,6.7625,877200
2002/1/4,6.7625,6.8625,6.75,6.8375,6.8375,709200
2002/1/7,6.825,6.8625,6.7525,6.8275,6.8275,601200
2002/1/8,6.83,6.8725,6.725,6.825,6.825,696400
2002/1/9,6.8125,6.9575,6.7475,6.75,6.75,1230800
2002/1/10,6.7375,6.7725,6.6525,6.7,6.7,1038400
2002/1/11,6.7,6.7025,6.45,6.46,6.46,1508800
2002/1/14,6.4375,6.5125,6.275,6.5125,6.5125,2314400
2002/1/15,6.5,6.625,6.475,6.625,6.625,960400
2002/1/16,6.625,6.66,6.5,6.5075,6.5075,855600
2002/1/17,6.51,6.625,6.4775,6.5075,6.5075,1085200
2002/1/18,6.525,6.6625,6.5,6.5,6.5,586800
2002/1/22,6.5025,6.595,6.475,6.5425,6.5425,370000
2002/1/23,6.545,6.6875,6.5,6.6875,6.6875,466000
2002/1/24,6.7,6.7375,6.575,6.66,6.66,982400
2002/1/25,6.65,6.8125,6.635,6.7525,6.7525,1493200
2002/1/28,6.7525,6.845,6.695,6.8425,6.8425,1440400
2002/1/29,6.845,6.9525,6.725,6.7375,6.7375,836800
2002/1/30,6.735,6.8425,6.675,6.8375,6.8375,1563200
2002/1/31,6.8425,6.8925,6.7175,6.7325,6.7325,1199200
2002/2/1,6.7625,6.9125,6.7625,6.885,6.885,604000
2002/2/4,6.875,6.8875,6.25,6.4125,6.4125,1994800
2002/2/5,6.415,6.7175,6.3625,6.365,6.365,4036000
2002/2/6,6.625,7.1175,6.575,7,7,2628000
2002/2/7,6.95,7.15,6.95,7.0975,7.0975,1264800
2002/2/8,7.1375,7.4,7.1125,7.25,7.25,2121600
2002/2/11,7.25,7.3825,7.1625,7.3825,7.3825,2186800
2002/2/12,7.35,7.35,6.95,7,7,1206800
2002/2/13,7,7.1375,6.985,7.075,7.075,1180000
2002/2/14,7.075,7.1875,7.045,7.1,7.1,602800
2002/2/15,7.075,7.0875,6.9,6.9125,6.9125,393600
2002/2/19,6.9125,6.9125,6.7,6.75,6.75,1165200
2002/2/20,6.8125,7.25,6.8025,7.2125,7.2125,2309600
2002/2/21,7.1625,7.39,6.85,6.85,6.85,1508000
2002/2/22,6.8375,7.3375,6.75,7.245,7.245,998000
2002/2/25,7.2075,7.2375,6.825,6.8875,6.8875,1615600
2002/2/26,6.95,7.075,6.91,6.91,6.91,682800
2002/2/27,6.91,7.04,6.91,7.015,7.015,611200
2002/2/28,7.025,7.225,6.9875,7.1325,7.1325,1091200
2002/3/1,7.125,7.1275,6.8225,6.9375,6.9375,1186000
2002/3/4,6.8875,6.9375,6.79,6.8575,6.8575,1014400
2002/3/5,6.8825,6.9375,6.7875,6.9275,6.9275,1547200
2002/3/6,6.9125,7.1475,6.89,7.0325,7.0325,650000
2002/3/7,7.0375,7.0625,6.9325,6.9625,6.9625,694000
2002/3/8,7,7.0875,6.9125,6.955,6.955,651600
2002/3/11,6.9625,6.9625,6.75,6.7675,6.7675,890000
2002/3/12,6.7925,7.075,6.725,7.025,7.025,1007200
2002/3/13,7,7,6.75,6.925,6.925,1243200
2002/3/14,6.975,7.0125,6.85,6.935,6.935,628400
2002/3/15,6.8725,7.025,6.8725,6.935,6.935,976800
2002/3/18,6.925,7.0125,6.9225,6.975,6.975,602000
2002/3/19,6.975,7.085,6.825,7,7,1060800
2002/3/20,7,7,6.88,6.8975,6.8975,345200
2002/3/21,6.8875,7.075,6.825,7,7,1335600
2002/3/22,7,7,6.8775,6.9125,6.9125,659600
2002/3/25,6.85,6.8625,6.75,6.8,6.8,906800
2002/3/26,6.825,7.0375,6.825,7.03,7.03,1054000
2002/3/27,7.05,7.1675,6.675,6.805,6.805,1777600
2002/3/28,6.825,7.0175,6.825,6.9875,6.9875,798400
2002/4/1,6.975,6.975,6.8125,6.9,6.9,1144400
2002/4/2,6.9,6.9,6.705,6.7175,6.7175,1080800
2002/4/3,6.7175,6.8,6.5125,6.735,6.735,1345200
2002/4/4,6.6725,6.85,6.6625,6.805,6.805,1091200
2002/4/5,6.7875,6.8,6.65,6.675,6.675,1123200
2002/4/8,6.65,6.7425,6.6,6.655,6.655,1173200
2002/4/9,6.68,6.9625,6.68,6.8525,6.8525,1296400
2002/4/10,6.8525,6.895,6.725,6.765,6.765,1205600
2002/4/11,6.775,6.825,6.7625,6.7625,6.7625,1198400
2002/4/12,6.8125,6.9675,6.8,6.9675,6.9675,1148800
2002/4/15,6.9675,6.985,6.7125,6.7475,6.7475,837600
2002/4/16,6.75,7.0125,6.75,6.9975,6.9975,1647600
2002/4/17,7,7,6.715,6.725,6.725,1032000
2002/4/18,6.75,6.9125,6.7475,6.8375,6.8375,1043200
2002/4/19,6.8375,6.8375,6.7,6.7,6.7,760000
2002/4/22,6.725,6.825,6.705,6.7625,6.7625,1244000
2002/4/23,6.775,6.775,6.6975,6.7025,6.7025,760000
2002/4/24,6.575,6.645,5.9775,6.1,6.1,6184400
2002/4/25,6.1,6.345,6.1,6.25,6.25,2287600
2002/4/26,6.225,6.3125,6.225,6.285,6.285,1887600
2002/4/29,6.285,6.285,6.125,6.2,6.2,1307600
2002/4/30,6.2,6.375,6.1875,6.28,6.28,1994800
2002/5/1,6.225,6.4925,6.1375,6.4375,6.4375,1208000
2002/5/2,6.4,6.5625,6.3125,6.55,6.55,2771600
2002/5/3,6.54,6.61,6.5,6.5775,6.5775,1176400
2002/5/6,6.5775,6.6025,6.3825,6.3825,6.3825,1644000
2002/5/7,6.385,6.5475,6.3375,6.5025,6.5025,838000
2002/5/8,6.525,6.6225,6.375,6.4425,6.4425,1220400
2002/5/9,6.4375,6.4425,6.2775,6.28,6.28,993200
2002/5/10,6.2625,6.2875,6.1375,6.195,6.195,1544400
2002/5/13,6.225,6.24,6.0925,6.1225,6.1225,2059600
2002/5/14,6.15,6.225,6.0675,6.1025,6.1025,1997600
2002/5/15,6.125,6.425,6.0875,6.37,6.37,1959200
2002/5/16,6.425,6.45,6.05,6.0825,6.0825,1351600
2002/5/17,6.075,6.2975,6.075,6.25,6.25,1046400
2002/5/20,6.2,6.3125,5.945,5.945,5.945,1276400
2002/5/21,6,6.1125,5.9925,6.0625,6.0625,840400
2002/5/22,6.0625,6.1375,5.9025,5.9375,5.9375,735600
2002/5/23,5.9375,6.0875,5.93,6.0475,6.0475,1303200
2002/5/24,6.025,6.1,5.95,5.95,5.95,1194000
2002/5/28,5.95,6.085,5.775,6.065,6.065,2420400
2002/5/29,6.065,6.0875,5.8775,5.8975,5.8975,1152800
2002/5/30,5.8975,6.145,5.8975,6.13,6.13,1061200
2002/5/31,6.1375,6.1975,5.925,5.955,5.955,1038400
2002/6/3,5.925,5.95,5.7925,5.7925,5.7925,1512800
2002/6/4,5.75,5.8725,5.75,5.8125,5.8125,1308000
2002/6/5,5.8125,5.8875,5.8,5.845,5.845,1056800
2002/6/6,5.8125,5.825,5.675,5.6875,5.6875,1442000
2002/6/7,5.6875,5.6875,5.5625,5.625,5.625,988000
2002/6/10,5.6875,6.0625,5.625,5.95,5.95,2860400
2002/6/11,6.0125,6.05,5.7125,5.7125,5.7125,1444400
2002/6/12,5.7175,5.8375,5.6675,5.825,5.825,1512800
2002/6/13,5.8375,6.0125,5.7625,5.8675,5.8675,2088400
2002/6/14,5.85,6.0375,5.775,6.035,6.035,1250800
2002/6/17,6.0625,6.335,6.0625,6.1325,6.1325,1030000
2002/6/18,6.1375,6.35,6.05,6.2125,6.2125,2114400
2002/6/19,6.2075,6.2325,5.975,5.9875,5.9875,1957200
2002/6/20,6,6.2375,5.975,6.0075,6.0075,1180000
2002/6/21,5.975,6.065,5.95,6,6,1585600
2002/6/24,6,6.05,5.5975,5.785,5.785,1546800
2002/6/25,5.7875,5.9475,5.7,5.795,5.795,1809600
2002/6/26,5.7625,5.775,5.545,5.6925,5.6925,2066800
2002/6/27,5.75,5.925,5.71,5.7175,5.7175,4024400
2002/6/28,5.725,5.825,5.6775,5.8,5.8,6328400
2002/7/1,5.7875,5.79,5.405,5.45,5.45,2320400
2002/7/2,5.5,5.55,5.125,5.2125,5.2125,3712000
2002/7/3,5.25,5.5275,5.2125,5.4875,5.4875,2073200
2002/7/5,5.5125,5.5625,5.385,5.45,5.45,428800
2002/7/8,5.45,5.4525,5.325,5.39,5.39,1129200
2002/7/9,5.44,5.5375,5.335,5.3375,5.3375,1385600
2002/7/10,5.3375,5.3625,4.9175,5.005,5.005,1973200
2002/7/11,5.005,5.005,4.8275,4.91,4.91,3273600
2002/7/12,4.925,5.2625,4.925,5.1925,5.1925,1656800
2002/7/15,5.2425,5.2975,4.9125,5.0375,5.0375,2187200
2002/7/16,5.04,5.36,4.9625,5.255,5.255,1991600
2002/7/17,5.3,5.4375,5.2875,5.425,5.425,1982800
2002/7/18,5.425,5.4575,5.17,5.25,5.25,1594000
2002/7/19,5.1875,5.1875,4.9825,5.0625,5.0625,2302800
2002/7/22,5.0625,5.075,4.8125,4.9475,4.9475,1004800
2002/7/23,4.895,4.9075,4.6,4.6425,4.6425,1481600
2002/7/24,4.7375,5.475,4.7375,5.475,5.475,6027600
2002/7/25,5.75,6.0175,5.5725,5.8925,5.8925,4750400
2002/7/26,5.9,6.1,5.7125,5.88,5.88,2537600
2002/7/29,5.8925,6.055,5.88,5.975,5.975,1821200
2002/7/30,5.9375,6.245,5.785,6.0125,6.0125,2184000
2002/7/31,6.0025,6.115,5.9375,6.085,6.085,1214000
2002/8/1,6.0875,6.22,6.01,6.125,6.125,1178400
2002/8/2,6.125,6.145,5.9,5.9925,5.9925,853600
2002/8/5,6.0175,6.1,5.75,5.75,5.75,1755200
2002/8/6,5.8,6.0325,5.8,6.005,6.005,1684000
2002/8/7,6.0075,6.125,5.84,6.1025,6.1025,1538000
2002/8/8,6.1025,6.37,6.1025,6.2675,6.2675,1842800
2002/8/9,6.2675,6.4075,6.175,6.3325,6.3325,2144800
2002/8/12,6.325,6.375,6.2,6.2,6.2,830400
2002/8/13,6.225,6.275,6.1125,6.125,6.125,1451200
2002/8/14,6.1375,6.3375,6.0375,6.325,6.325,1206400
2002/8/15,6.34,6.375,6.1675,6.2475,6.2475,1652400
2002/8/16,6.245,6.2925,6.15,6.2625,6.2625,842800
2002/8/19,6.2875,6.425,6.155,6.3125,6.3125,1513600
2002/8/20,6.2875,6.365,6.1875,6.3375,6.3375,1146400
2002/8/21,6.3375,6.435,6.275,6.365,6.365,1250800
2002/8/22,6.365,6.365,6.23,6.32,6.32,2606400
2002/8/23,6.32,6.3375,6.2525,6.2775,6.2775,837200
2002/8/26,6.2775,6.2775,6.1775,6.2625,6.2625,813600
2002/8/27,6.2675,6.275,6.1875,6.215,6.215,1357600
2002/8/28,6.21,6.21,6.0875,6.195,6.195,895600
2002/8/29,6.1875,6.2575,6.125,6.235,6.235,406400
2002/8/30,6.21,6.2625,6.1525,6.155,6.155,394400
2002/9/3,6.1375,6.1375,5.9575,5.9825,5.9825,1036800
2002/9/4,5.975,6.075,5.94,6.075,6.075,1008000
2002/9/5,6.0625,6.1,5.9125,6.025,6.025,817200
2002/9/6,6.0375,6.125,6.0375,6.1125,6.1125,419600
2002/9/9,6.1075,6.215,6.09,6.2075,6.2075,1347600
2002/9/10,6.1875,6.275,6.125,6.2,6.2,1412000
2002/9/11,6.25,6.275,6.2125,6.225,6.225,975200
2002/9/12,6.225,6.225,6.1475,6.19,6.19,498400
2002/9/13,6.225,6.225,6.135,6.19,6.19,812800
2002/9/16,6.19,6.2,6.17,6.18,6.18,556800
2002/9/17,6.1875,6.2275,6.08,6.0925,6.0925,418000
2002/9/18,6.0875,6.1875,5.9825,6.155,6.155,785200
2002/9/19,6.1525,6.1875,6.1375,6.15,6.15,1092000
2002/9/20,6.275,6.275,6.175,6.2375,6.2375,2347200
2002/9/23,6.2375,6.25,6.175,6.205,6.205,1102400
2002/9/24,6.2075,6.2125,6.1475,6.1825,6.1825,849200
2002/9/25,6.2,6.295,6.2,6.25,6.25,1104800
2002/9/26,6.25,6.3125,6.225,6.2975,6.2975,996800
2002/9/27,6.2875,6.4375,6.275,6.3025,6.3025,1031600
2002/9/30,6.2875,6.4075,6.24,6.3975,6.3975,1258800
2002/10/1,6.375,6.4375,6.3125,6.375,6.375,1462800
2002/10/2,6.375,6.43,6.325,6.325,6.325,1511600
2002/10/3,6.3125,6.4825,6.3125,6.4,6.4,2305600
2002/10/4,6.4,6.4625,6.2925,6.4625,6.4625,1316000
2002/10/7,6.45,6.5375,6.4125,6.4375,6.4375,1206400
2002/10/8,6.4625,6.4875,6.37,6.425,6.425,1656000
2002/10/9,6.425,6.425,6.235,6.25,6.25,784800
2002/10/10,6.2375,6.245,6.15,6.1875,6.1875,2295200
2002/10/11,6.225,6.4375,6.185,6.225,6.225,1531200
2002/10/14,6.2175,6.3,6.2,6.2375,6.2375,1211600
2002/10/15,6.2625,6.3275,6.08,6.1725,6.1725,1800800
2002/10/16,6.125,6.2675,6.0375,6.1925,6.1925,1854800
2002/10/17,6.255,6.3575,6.15,6.1975,6.1975,898000
2002/10/18,6.195,6.205,6.1375,6.1775,6.1775,1030000
2002/10/21,6.1625,6.175,6.025,6.09,6.09,1370000
2002/10/22,6.09,6.1375,5.9525,5.9725,5.9725,1736400
2002/10/23,5.975,6.35,5.975,6.35,6.35,4272000
2002/10/24,6.4,6.5925,6.3775,6.505,6.505,2097600
2002/10/25,6.4825,6.6,6.46,6.5125,6.5125,1130800
2002/10/28,6.55,6.605,6.5,6.525,6.525,946800
2002/10/29,6.5125,6.515,6.425,6.425,6.425,893200
2002/10/30,6.4275,6.4275,6.2875,6.375,6.375,633200
2002/10/31,6.375,6.5,6.375,6.4225,6.4225,512800
2002/11/1,6.375,6.495,6.375,6.4125,6.4125,697600
2002/11/4,6.4375,6.515,6.4225,6.5025,6.5025,995200
2002/11/5,6.4975,6.4975,6.395,6.4875,6.4875,609600
2002/11/6,6.4925,6.5125,6.39,6.4875,6.4875,1372400
2002/11/7,6.475,6.4975,6.41,6.415,6.415,1415600
2002/11/8,6.415,6.4625,6.275,6.32,6.32,1293200
2002/11/11,6.295,6.345,6.215,6.33,6.33,1061200
2002/11/12,6.33,6.4975,6.33,6.41,6.41,1048000
2002/11/13,6.4,6.6175,6.4,6.6125,6.6125,1874000
2002/11/14,6.625,6.725,6.5175,6.635,6.635,1142800
2002/11/15,6.635,6.875,6.625,6.8275,6.8275,1966400
2002/11/18,6.825,6.845,6.7525,6.7675,6.7675,1014000
2002/11/19,6.7675,6.835,6.7375,6.7625,6.7625,1162400
2002/11/20,6.775,6.835,6.6775,6.7825,6.7825,909600
2002/11/21,6.775,6.8725,6.7075,6.85,6.85,1100800
2002/11/22,6.85,6.8575,6.7125,6.8275,6.8275,706000
2002/11/25,6.85,6.85,6.6575,6.75,6.75,1450000
2002/11/26,6.7375,6.7875,6.6875,6.71,6.71,1561200
2002/11/27,6.715,6.75,6.4625,6.59,6.59,809600
2002/11/29,6.5925,6.625,6.5325,6.58,6.58,488000
2002/12/2,6.55,6.575,6.31,6.4,6.4,2452400
2002/12/3,6.3625,6.4225,6.35,6.375,6.375,868000
2002/12/4,6.4,6.5,6.385,6.4375,6.4375,958800
2002/12/5,6.4425,6.5025,6.3925,6.475,6.475,477600
2002/12/6,6.45,6.5325,6.45,6.5125,6.5125,1107200
2002/12/9,6.5,6.5525,6.475,6.495,6.495,1482800
2002/12/10,6.5,6.53,6.43,6.4525,6.4525,897200
2002/12/11,6.455,6.56,6.4525,6.555,6.555,1780400
2002/12/12,6.5625,6.5625,6.4625,6.5125,6.5125,710000
2002/12/13,6.515,6.58,6.375,6.4125,6.4125,1119200
2002/12/16,6.4125,6.545,6.375,6.545,6.545,948000
2002/12/17,6.5375,6.5375,6.4375,6.44,6.44,1108800
2002/12/18,6.425,6.5,6.3375,6.4825,6.4825,747600
2002/12/19,6.4825,6.555,6.4825,6.55,6.55,1278800
2002/12/20,6.555,6.555,6.44,6.535,6.535,792000
2002/12/23,6.5375,6.5375,6.45,6.5275,6.5275,625200
2002/12/24,6.5375,6.5875,6.4875,6.5625,6.5625,332400
2002/12/26,6.55,6.57,6.445,6.515,6.515,674400
2002/12/27,6.515,6.515,6.4725,6.4775,6.4775,450800
2002/12/30,6.4875,6.4875,6.2225,6.355,6.355,925200
2002/12/31,6.375,6.4225,6.285,6.3675,6.3675,640800
2003/1/2,6.325,6.425,6.275,6.395,6.395,851200
2003/1/3,6.4125,6.475,6.385,6.4,6.4,885600
2003/1/6,6.4625,6.4625,6.325,6.3525,6.3525,1114800
2003/1/7,6.325,6.36,6.2,6.2975,6.2975,2392800
2003/1/8,6.2975,6.4475,6.2775,6.3875,6.3875,2000800
2003/1/9,6.4,6.4425,6.3025,6.3425,6.3425,1158000
2003/1/10,6.35,6.375,6.3125,6.37,6.37,797200
2003/1/13,6.375,6.41,6.3125,6.3875,6.3875,1004000
2003/1/14,6.3875,6.3975,6.32,6.39,6.39,1224400
2003/1/15,6.3925,6.5,6.38,6.5,6.5,1144400
2003/1/16,6.5,6.6175,6.5,6.5025,6.5025,1318400
2003/1/17,6.4625,6.4875,6.4025,6.425,6.425,984400
2003/1/21,6.45,6.475,6.36,6.39,6.39,1114000
2003/1/22,6.3875,6.625,6.3225,6.5525,6.5525,2764000
2003/1/23,6.5525,6.6525,6.5375,6.5675,6.5675,1550800
2003/1/24,6.57,6.5775,6.395,6.4175,6.4175,563200
2003/1/27,6.4175,6.4175,6.17,6.2275,6.2275,965200
2003/1/28,6.225,6.3075,6.175,6.295,6.295,887200
2003/1/29,6.2875,6.3025,6.225,6.2825,6.2825,860000
2003/1/30,6.2625,6.2625,6.1025,6.11,6.11,1419200
2003/1/31,6.1,6.3875,6.1,6.3775,6.3775,1499200
2003/2/3,6.4125,6.4225,6.1075,6.1325,6.1325,1412800
2003/2/4,6.3125,6.545,6.3,6.4825,6.4825,5143600
2003/2/5,6.5,6.5,6.375,6.3875,6.3875,1156000
2003/2/6,6.39,6.4625,6.35,6.3725,6.3725,1332800
2003/2/7,6.405,6.45,6.3775,6.385,6.385,1139600
2003/2/10,6.4325,6.4375,6.345,6.3625,6.3625,1421600
2003/2/11,6.3625,6.4275,6.325,6.4275,6.4275,1320800
2003/2/12,6.425,6.45,6.325,6.34,6.34,748400
2003/2/13,6.3125,6.315,6.15,6.1925,6.1925,974000
2003/2/14,6.1925,6.3125,6.125,6.295,6.295,1443600
2003/2/18,6.3125,6.4375,6.3075,6.4375,6.4375,672000
2003/2/19,6.4125,6.42,6.2875,6.39,6.39,1092400
2003/2/20,6.3875,6.55,6.375,6.465,6.465,1533200
2003/2/21,6.45,6.55,6.4125,6.5125,6.5125,1133600
2003/2/24,6.5125,6.5125,6.3675,6.385,6.385,954000
2003/2/25,6.36,6.5125,6.3275,6.5125,6.5125,1300400
2003/2/26,6.5125,6.525,6.45,6.525,6.525,1042800
2003/2/27,6.55,6.63,6.5275,6.615,6.615,1000000
2003/2/28,6.6,6.675,6.5875,6.6525,6.6525,1295200
2003/3/3,6.665,6.7425,6.625,6.63,6.63,720400
2003/3/4,6.625,6.7,6.625,6.63,6.63,919600
2003/3/5,6.6225,6.6625,6.5925,6.6425,6.6425,925200
2003/3/6,6.6675,6.6675,6.5425,6.5425,6.5425,1026800
2003/3/7,6.4925,6.6275,6.4875,6.6125,6.6125,1177600
2003/3/10,6.595,6.595,6.48,6.51,6.51,1186800
2003/3/11,6.475,6.525,6.4625,6.4775,6.4775,664400
2003/3/12,6.44,6.4525,6.3325,6.3725,6.3725,1134800
2003/3/13,6.3875,6.5575,6.3225,6.535,6.535,783200
2003/3/14,6.5375,6.66,6.4975,6.5475,6.5475,846800
2003/3/17,6.525,6.6825,6.515,6.675,6.675,970800
2003/3/18,6.65,6.65,6.52,6.5475,6.5475,2066400
2003/3/19,6.5475,6.645,6.5,6.6325,6.6325,1439200
2003/3/20,6.6,6.6725,6.5025,6.6725,6.6725,1498400
2003/3/21,6.7225,6.875,6.7,6.8725,6.8725,1591600
2003/3/24,6.85,6.8625,6.6125,6.7125,6.7125,1058400
2003/3/25,6.725,6.8525,6.7,6.8525,6.8525,1104000
2003/3/26,6.8375,6.8375,6.725,6.755,6.755,1276000
2003/3/27,6.7375,6.7525,6.695,6.7375,6.7375,1257600
2003/3/28,6.7875,6.8,6.745,6.775,6.775,637600
2003/3/31,6.75,6.91,6.6975,6.85,6.85,934800
2003/4/1,6.85,6.9925,6.85,6.935,6.935,1051600
2003/4/2,7,7.1375,6.9225,6.97,6.97,2068800
2003/4/3,6.9625,6.9875,6.8425,6.905,6.905,2758000
2003/4/4,6.925,6.96,6.77,6.805,6.805,1320000
2003/4/7,6.8125,6.9625,6.7625,6.775,6.775,710000
2003/4/8,6.775,6.8575,6.755,6.84,6.84,998000
2003/4/9,6.875,6.8975,6.75,6.77,6.77,515600
2003/4/10,6.77,6.855,6.7625,6.8525,6.8525,947600
2003/4/11,6.9,6.9175,6.7675,6.83,6.83,860000
2003/4/14,6.85,6.9625,6.85,6.9475,6.9475,1168400
2003/4/15,6.875,6.95,6.8625,6.95,6.95,1078000
2003/4/16,6.9625,6.9625,6.8125,6.8125,6.8125,751600
2003/4/17,6.8125,6.8725,6.8125,6.8225,6.8225,608400
2003/4/21,6.8125,6.9025,6.8025,6.825,6.825,723200
2003/4/22,6.8125,6.825,6.7375,6.7475,6.7475,920800
2003/4/23,6.775,7.25,6.775,7.2125,7.2125,6986400
2003/4/24,7.2125,7.2325,7.1625,7.2125,7.2125,1978400
2003/4/25,7.2125,7.2125,7.165,7.185,7.185,1662400
2003/4/28,7.1625,7.225,7.1375,7.2075,7.2075,1742400
2003/4/29,7.1875,7.2175,7.165,7.175,7.175,977600
2003/4/30,7.1875,7.2225,7.1625,7.2175,7.2175,1183200
2003/5/1,7.2,7.2125,7.095,7.1375,7.1375,1753600
2003/5/2,7.1375,7.2125,7.13,7.1825,7.1825,1422800
2003/5/5,7.195,7.22,7.15,7.1925,7.1925,2694400
2003/5/6,7.195,7.3875,7.195,7.2975,7.2975,5400400
2003/5/7,7.3,7.4975,7.2975,7.4175,7.4175,3234800
2003/5/8,7.4175,7.4925,7.35,7.43,7.43,2771200
2003/5/9,7.4325,7.4325,7.3625,7.395,7.395,2236800
2003/5/12,7.3825,7.645,7.375,7.645,7.645,5190000
2003/5/13,7.625,7.665,7.56,7.6075,7.6075,1498000
2003/5/14,7.6175,7.6175,7.5275,7.6,7.6,597600
2003/5/15,7.6,7.6825,7.565,7.6625,7.6625,2556000
2003/5/16,7.675,7.6875,7.6425,7.6775,7.6775,1324400
2003/5/19,7.6625,7.6825,7.585,7.6075,7.6075,1337200
2003/5/20,7.55,7.5525,7.4875,7.545,7.545,2131200
2003/5/21,7.5375,7.64,7.475,7.6375,7.6375,1840000
2003/5/22,7.6375,7.715,7.6325,7.68,7.68,2155600
2003/5/23,7.68,7.68,7.5925,7.595,7.595,2704400
2003/5/27,7.5875,7.5875,7.5375,7.5625,7.5625,3012000
2003/5/28,7.5625,7.5625,7.3,7.31,7.31,4313200
2003/5/29,7.325,7.555,7.325,7.465,7.465,2703600
2003/5/30,7.5,7.585,7.45,7.58,7.58,1860800
2003/6/2,7.6,7.6875,7.51,7.5275,7.5275,1682400
2003/6/3,7.475,7.6,7.475,7.5025,7.5025,1243600
2003/6/4,7.535,7.595,7.515,7.55,7.55,1512800
2003/6/5,7.5125,7.67,7.45,7.655,7.655,1371200
2003/6/6,7.6875,7.75,7.595,7.5975,7.5975,1363200
2003/6/9,7.59,7.59,7.475,7.48,7.48,1041600
2003/6/10,7.505,7.595,7.4925,7.595,7.595,698000
2003/6/11,7.5875,7.7925,7.5875,7.775,7.775,1388400
2003/6/12,7.775,7.94,7.7425,7.9325,7.9325,2635600
2003/6/13,7.9325,7.9625,7.7625,7.815,7.815,1421200
2003/6/16,7.84,8.025,7.8125,8.0225,8.0225,1772000
2003/6/17,8.0225,8.025,7.8775,8.025,8.025,1634000
2003/6/18,8.0225,8.1325,8.0075,8.1125,8.1125,1897200
2003/6/19,8.1125,8.4,8.0725,8.1175,8.1175,2830800
2003/6/20,8.205,8.2075,7.9,7.9425,7.9425,2150400
2003/6/23,7.9375,7.9425,7.65,7.7025,7.7025,1554000
2003/6/24,7.705,7.825,7.665,7.7825,7.7825,1288400
2003/6/25,7.775,7.8525,7.7125,7.7775,7.7775,1295600
2003/6/26,7.7875,7.875,7.75,7.8425,7.8425,1214400
2003/6/27,7.85,8.125,7.85,8.01,8.01,3028800
2003/6/30,8.0375,8.0825,7.9275,8.035,8.035,1828400
2003/7/1,8.0125,8.0125,7.8475,7.9925,7.9925,1506800
2003/7/2,7.9875,8.13,7.9625,8.13,8.13,1627600
2003/7/3,8.1125,8.125,8.02,8.02,8.02,665200
2003/7/7,8.0225,8.0725,7.995,8.0325,8.0325,1158000
2003/7/8,8.0575,8.0575,7.96,7.9725,7.9725,1464800
2003/7/9,7.9725,8.1425,7.9075,8.09,8.09,1635200
2003/7/10,8.0775,8.115,7.9775,8.015,8.015,1577200
2003/7/11,8.02,8.1225,7.9875,8.1125,8.1125,1235600
2003/7/14,8.0375,8.1625,8.0375,8.075,8.075,1109200
2003/7/15,8.025,8.09,7.9875,8.09,8.09,1278000
2003/7/16,8.1125,8.1125,7.935,8.0375,8.0375,969600
2003/7/17,8.025,8.035,7.965,7.975,7.975,1138000
2003/7/18,7.9625,8.035,7.91,8.035,8.035,1067600
2003/7/21,8.0375,8.0375,7.775,7.845,7.845,1482800
2003/7/22,7.845,8.0725,7.8375,7.9975,7.9975,1212400
2003/7/23,8,8,6.675,6.875,6.875,16833200
2003/7/24,6.875,6.9,6.75,6.7925,6.7925,5989600
2003/7/25,6.8375,6.85,6.77,6.8125,6.8125,2226000
2003/7/28,6.8,6.8125,6.5725,6.7275,6.7275,3811200
2003/7/29,6.7125,6.915,6.6875,6.84,6.84,2924800
2003/7/30,6.8425,6.94,6.7975,6.9025,6.9025,1953600
2003/7/31,6.9525,7.215,6.855,7.06,7.06,3363600
2003/8/1,7.0125,7.15,6.8,6.84,6.84,2728400
2003/8/4,6.7775,6.7875,6.625,6.7475,6.7475,2826000
2003/8/5,6.7125,6.77,6.6175,6.6175,6.6175,2355600
2003/8/6,6.5675,6.5725,6.4425,6.54,6.54,4760000
2003/8/7,6.565,6.6575,6.5425,6.6275,6.6275,3770000
2003/8/8,6.6375,6.7625,6.635,6.725,6.725,1977600
2003/8/11,6.7125,6.855,6.7125,6.8425,6.8425,2806400
2003/8/12,6.8425,7.08,6.8425,7.055,7.055,2947200
2003/8/13,7.08,7.17,7.0325,7.17,7.17,2749600
2003/8/14,7.2125,7.2275,7.0775,7.19,7.19,2272400
2003/8/15,7.19,7.255,7.19,7.255,7.255,939200
2003/8/18,7.2625,7.2925,7.2275,7.275,7.275,1742000
2003/8/19,7.2825,7.35,7.2525,7.2825,7.2825,1555600
2003/8/20,7.2325,7.26,7.2125,7.225,7.225,1188000
2003/8/21,7.2625,7.28,7.2075,7.2175,7.2175,1264800
2003/8/22,7.225,7.225,7.0875,7.09,7.09,1462000
2003/8/25,7.04,7.175,7.04,7.05,7.05,1545200
2003/8/26,7.045,7.0825,6.955,6.9975,6.9975,2020000
2003/8/27,6.9875,7.005,6.92,6.9575,6.9575,2212800
2003/8/28,6.95,7.0375,6.9,7.0075,7.0075,1211600
2003/8/29,7.0075,7.1875,7.0075,7.11,7.11,1479200
2003/9/2,7.1125,7.125,7.05,7.1125,7.1125,1711200
2003/9/3,7.0875,7.175,7.025,7.0275,7.0275,2537600
2003/9/4,7.025,7.2325,7.025,7.1725,7.1725,2199200
2003/9/5,7.1375,7.1625,7.1,7.1225,7.1225,1407200
2003/9/8,7.1225,7.145,7.0775,7.0975,7.0975,1838000
2003/9/9,7.0975,7.135,7.05,7.1,7.1,1452400
2003/9/10,7.0525,7.0825,6.985,6.9975,6.9975,1051600
2003/9/11,7.005,7.0875,7,7.05,7.05,1991600
2003/9/12,7.05,7.05,6.925,6.935,6.935,2253200
2003/9/15,6.9325,6.96,6.87,6.8825,6.8825,2271200
2003/9/16,6.8825,6.885,6.7675,6.825,6.825,2700000
2003/9/17,6.825,6.9125,6.8,6.8375,6.8375,2570400
2003/9/18,6.8375,6.9075,6.8375,6.8725,6.8725,1464400
2003/9/19,6.9125,6.95,6.85,6.85,6.85,1903200
2003/9/22,6.85,6.85,6.7475,6.8175,6.8175,1581200
2003/9/23,6.8175,6.9925,6.8,6.895,6.895,2237200
2003/9/24,6.9075,6.9075,6.745,6.7625,6.7625,2224400
2003/9/25,6.75,6.8125,6.74,6.785,6.785,2656400
2003/9/26,6.785,6.785,6.6925,6.7425,6.7425,2094000
2003/9/29,6.7425,6.82,6.7425,6.785,6.785,1567200
2003/9/30,6.775,6.8225,6.6775,6.77,6.77,1768000
2003/10/1,6.775,6.95,6.7625,6.9,6.9,1623200
2003/10/2,6.9,7.0125,6.875,6.9725,6.9725,1983600
2003/10/3,7.0225,7.0875,6.9375,6.9575,6.9575,1816400
2003/10/6,6.995,7.0375,6.955,6.9825,6.9825,2022000
2003/10/7,6.9825,7.0075,6.865,7.0075,7.0075,2304000
2003/10/8,7.45,7.475,7.2575,7.36,7.36,4865200
2003/10/9,7.385,7.4025,7.3325,7.37,7.37,2740400
2003/10/10,7.37,7.4175,7.2875,7.3325,7.3325,1616000
2003/10/13,7.3475,7.455,7.2375,7.2725,7.2725,1984800
2003/10/14,7.275,7.32,7.2425,7.25,7.25,2454400
2003/10/15,7.2625,7.395,7.2625,7.355,7.355,2638800
2003/10/16,7.425,7.4675,7.375,7.4375,7.4375,2178400
2003/10/17,7.4625,7.4625,7.2925,7.3625,7.3625,1745600
2003/10/20,7.3625,7.425,7.3,7.305,7.305,2534400
2003/10/21,6.75,7.0025,6.725,6.875,6.875,11597600
2003/10/22,6.8475,6.925,6.8325,6.905,6.905,2150000
2003/10/23,6.905,6.955,6.87,6.935,6.935,2090400
2003/10/24,6.925,7.1675,6.9125,7.1475,7.1475,3419200
2003/10/27,7.15,7.2575,7.15,7.2125,7.2125,2410000
2003/10/28,7.225,7.3,7.2225,7.245,7.245,2614000
2003/10/29,7.25,7.355,7.2125,7.3375,7.3375,2414000
2003/10/30,7.325,7.35,7.225,7.25,7.25,1294400
2003/10/31,7.2525,7.325,7.245,7.25,7.25,759600
2003/11/3,7.2625,7.2775,7.24,7.27,7.27,1412000
2003/11/4,7.2625,7.2625,7.1475,7.1575,7.1575,1264400
2003/11/5,7.175,7.19,7.085,7.185,7.185,1480000
2003/11/6,7.2225,7.26,7.125,7.26,7.26,1314400
2003/11/7,7.25,7.2525,7.15,7.16,7.16,1442400
2003/11/10,7.1625,7.1875,7.0725,7.0875,7.0875,890400
2003/11/11,7.0875,7.175,7.0875,7.145,7.145,906400
2003/11/12,7.15,7.2,7.125,7.1725,7.1725,1003200
2003/11/13,7.175,7.3025,7.16,7.3025,7.3025,834000
2003/11/14,7.3,7.3,7.095,7.1175,7.1175,1399600
2003/11/17,7.12,7.1575,7.0625,7.1375,7.1375,1024400
2003/11/18,7.3625,7.3725,7.1375,7.25,7.25,2954400
2003/11/19,7.2525,7.375,7.2375,7.35,7.35,1468000
2003/11/20,7.35,7.495,7.3475,7.4125,7.4125,1719200
2003/11/21,7.45,7.4675,7.395,7.4275,7.4275,1421200
2003/11/24,7.4625,7.5375,7.445,7.52,7.52,1797600
2003/11/25,7.5125,7.575,7.46,7.47,7.47,1294400
2003/11/26,7.5,7.545,7.4225,7.4825,7.4825,500800
2003/11/28,7.5,7.5825,7.4775,7.53,7.53,224800
2003/12/1,7.575,7.89,7.575,7.7675,7.7675,1677600
2003/12/2,7.75,7.75,7.65,7.6725,7.6725,742800
2003/12/3,7.6975,7.74,7.6275,7.6525,7.6525,766800
2003/12/4,7.6525,7.6725,7.545,7.605,7.605,575200
2003/12/5,7.5725,7.575,7.45,7.46,7.46,883600
2003/12/8,7.475,7.565,7.475,7.4925,7.4925,1087600
2003/12/9,7.53,7.575,7.3325,7.3425,7.3425,1659600
2003/12/10,7.2175,7.51,7.175,7.35,7.35,2403200
2003/12/11,7.3625,7.56,7.3625,7.5125,7.5125,1684000
2003/12/12,7.5125,7.5125,7.425,7.4975,7.4975,1608400
2003/12/15,7.5225,7.5575,7.415,7.4825,7.4825,4075600
2003/12/16,7.4825,7.4825,7.25,7.3125,7.3125,1743200
2003/12/17,7.3175,7.385,7.31,7.37,7.37,1324000
2003/12/18,7.37,7.48,7.3325,7.455,7.455,2451200
2003/12/19,7.455,7.4575,7.41,7.41,7.41,1490400
2003/12/22,7.375,7.4125,7.3425,7.355,7.355,1342800
2003/12/23,7.355,7.4375,7.35,7.4,7.4,1105200
2003/12/24,7.3975,7.47,7.3575,7.42,7.42,704800
2003/12/26,7.45,7.5,7.425,7.4725,7.4725,263600
2003/12/29,7.475,7.54,7.4625,7.4975,7.4975,916000
2003/12/30,7.5,7.6275,7.455,7.5875,7.5875,1226000
2003/12/31,7.6,7.6475,7.4875,7.52,7.52,1109600
2004/1/2,7.5225,7.5225,7.45,7.485,7.485,1456000
2004/1/5,7.51,7.53,7.3875,7.43,7.43,2005200
2004/1/6,7.38,7.5425,7.3675,7.4025,7.4025,1841600
2004/1/7,7.465,7.5175,7.42,7.515,7.515,1634400
2004/1/8,7.54,7.5475,7.455,7.53,7.53,694000
2004/1/9,7.5625,7.5625,7.4925,7.52,7.52,1056800
2004/1/12,7.5125,7.57,7.49,7.5375,7.5375,1258000
2004/1/13,7.53,7.5925,7.5,7.5925,7.5925,2295200
2004/1/14,7.625,7.97,7.61,7.9175,7.9175,3064000
2004/1/15,7.9925,8.0125,7.8375,7.9475,7.9475,3974800
2004/1/16,8.0225,8.2825,8.0225,8.2675,8.2675,3782800
2004/1/20,8.27,8.375,8.2325,8.25,8.25,2078800
2004/1/21,8.2625,8.4925,8.2625,8.4925,8.4925,1982800
2004/1/22,8.5,8.525,8.39,8.4325,8.4325,1631600
2004/1/23,8.435,8.435,8.305,8.3875,8.3875,1241200
2004/1/26,8.3875,8.425,8.3025,8.4175,8.4175,1512800
2004/1/27,8.3875,8.3875,8.225,8.3175,8.3175,2119200
2004/1/28,8.3675,8.5175,8.3225,8.4275,8.4275,2507200
2004/1/29,8.4275,8.4525,8.39,8.4375,8.4375,1935200
2004/1/30,8.4375,8.7075,8.4,8.7075,8.7075,2570800
2004/2/2,8.7,8.9975,8.6825,8.88,8.88,3212400
2004/2/3,8.905,8.905,8.4375,8.4675,8.4675,3941200
2004/2/4,8.47,8.475,8.3,8.3925,8.3925,4648400
2004/2/5,8.395,8.4025,8.2125,8.25,8.25,4526400
2004/2/6,8.2875,8.3325,8.2275,8.32,8.32,3022400
2004/2/9,8.3375,8.5125,8.325,8.5125,8.5125,2455200
2004/2/10,8.5425,8.5425,8.45,8.5375,8.5375,1168400
2004/2/11,8.535,8.535,8.2175,8.2375,8.2375,4285200
2004/2/12,8.275,8.4275,8.195,8.3975,8.3975,2429200
2004/2/13,8.4375,8.4575,8.3125,8.32,8.32,1493600
2004/2/17,8.32,8.32,8.2275,8.3025,8.3025,1166400
2004/2/18,8.29,8.35,8.22,8.2575,8.2575,1900000
2004/2/19,8.32,8.3625,8.225,8.2325,8.2325,1398000
2004/2/20,8.2375,8.2375,8.0575,8.095,8.095,2285200
2004/2/23,8.1125,8.125,7.99,7.9975,7.9975,1184400
2004/2/24,7.9875,7.99,7.885,7.9425,7.9425,3044400
2004/2/25,7.975,8.0675,7.9075,8.055,8.055,1543200
2004/2/26,8.08,8.0925,8.025,8.0925,8.0925,1104800
2004/2/27,8.0875,8.0875,7.8975,8.05,8.05,2022000
2004/3/1,8.05,8.25,8.025,8.2,8.2,3528400
2004/3/2,8.2,8.205,8.075,8.2,8.2,3372000
2004/3/3,8.225,8.225,8.1375,8.2,8.2,1173600
2004/3/4,8.2,8.2125,8.0925,8.1775,8.1775,1883600
2004/3/5,8.1625,8.1625,8.0625,8.0725,8.0725,2818000
2004/3/8,8.0725,8.0825,7.97,7.975,7.975,2478800
2004/3/9,7.975,7.975,7.785,7.85,7.85,3418400
2004/3/10,7.855,7.87,7.775,7.775,7.775,2255200
2004/3/11,7.7775,7.7775,7.6,7.6,7.6,3690000
2004/3/12,7.6125,7.69,7.595,7.645,7.645,3265600
2004/3/15,7.645,7.7275,7.6175,7.675,7.675,3706000
2004/3/16,7.6875,7.7425,7.6625,7.7125,7.7125,2070000
2004/3/17,7.75,7.9925,7.75,7.8825,7.8825,2836400
2004/3/18,7.925,7.925,7.75,7.79,7.79,1612000
2004/3/19,7.7525,7.79,7.6875,7.69,7.69,1017600
2004/3/22,7.715,7.715,7.5625,7.59,7.59,1271600
2004/3/23,7.6,7.6625,7.56,7.635,7.635,1982000
2004/3/24,7.61,7.6125,7.5175,7.5175,7.5175,1140400
2004/3/25,7.5675,7.605,7.51,7.56,7.56,1730800
2004/3/26,7.575,7.77,7.55,7.7125,7.7125,1333600
2004/3/29,7.7125,7.87,7.7125,7.75,7.75,1940400
2004/3/30,7.7475,7.865,7.72,7.8625,7.8625,1071600
2004/3/31,7.8775,7.995,7.8625,7.9875,7.9875,1983200
2004/4/1,7.975,8,7.9425,7.97,7.97,1626000
2004/4/2,8,8.1,7.9925,8.0375,8.0375,1689200
2004/4/5,8.05,8.1525,8.0225,8.1425,8.1425,1460400
2004/4/6,8.1425,8.28,8.1275,8.2725,8.2725,3281200
2004/4/7,8.2475,8.3025,8.23,8.25,8.25,1954000
2004/4/8,8.255,8.2725,8.065,8.1,8.1,2197200
2004/4/12,8.1375,8.32,8.1375,8.305,8.305,1600800
2004/4/13,8.3075,8.32,8.1675,8.1725,8.1725,1024800
2004/4/14,8.15,8.365,8.15,8.355,8.355,2008800
2004/4/15,8.35,8.455,8.2875,8.345,8.345,1368000
2004/4/16,8.3325,8.45,8.3025,8.4075,8.4075,1088800
2004/4/19,8.41,8.4125,8.3125,8.36,8.36,996400
2004/4/20,8.38,8.4325,8.2475,8.25,8.25,1014000
2004/4/21,8.2625,8.34,8.26,8.2825,8.2825,2386800
2004/4/22,8.305,8.3275,8.2625,8.3275,8.3275,3297200
2004/4/23,8.6125,8.8625,8.61,8.7975,8.7975,6985200
2004/4/26,8.815,8.915,8.6925,8.73,8.73,3328000
2004/4/27,8.725,8.775,8.6375,8.6625,8.6625,1009600
2004/4/28,8.65,8.68,8.4675,8.515,8.515,2099200
2004/4/29,8.54,8.78,8.54,8.775,8.775,2326800
2004/4/30,8.8075,8.8075,8.6025,8.615,8.615,1043600
2004/5/3,8.63,8.69,8.575,8.65,8.65,1172800
2004/5/4,8.65,8.74,8.49,8.6625,8.6625,1713200
2004/5/5,8.65,8.845,8.65,8.7625,8.7625,2173200
2004/5/6,8.7625,8.8425,8.635,8.81,8.81,1603600
2004/5/7,8.8,8.825,8.6725,8.7,8.7,1553600
2004/5/10,8.6625,8.6625,8.4375,8.4525,8.4525,1541600
2004/5/11,8.5075,8.5825,8.47,8.5375,8.5375,1324800
2004/5/12,8.5,8.62,8.365,8.585,8.585,1901200
2004/5/13,8.59,8.75,8.5875,8.7125,8.7125,1774800
2004/5/14,8.7125,8.8225,8.7,8.755,8.755,1080800
2004/5/17,8.745,8.745,8.6525,8.71,8.71,2207600
2004/5/18,8.7125,8.73,8.625,8.6725,8.6725,1399600
2004/5/19,8.7125,8.85,8.7075,8.83,8.83,1659200
2004/5/20,8.83,8.945,8.81,8.8425,8.8425,3056400
2004/5/21,8.8425,8.8975,8.8,8.88,8.88,1935600
2004/5/24,8.905,8.9225,8.7925,8.825,8.825,1415600
2004/5/25,8.775,8.8325,8.675,8.83,8.83,2144000
2004/5/26,8.83,8.9625,8.775,8.9325,8.9325,930800
2004/5/27,8.935,9.095,8.93,9.095,9.095,1792800
2004/5/28,9.095,9.0975,8.9975,9.0625,9.0625,1632400
2004/6/1,9.1,9.1775,8.95,9.0825,9.0825,1838000
2004/6/2,9.12,9.1925,9.065,9.145,9.145,1792000
2004/6/3,9.125,9.125,9.0025,9.01,9.01,1038000
2004/6/4,9.025,9.0375,8.95,8.9975,8.9975,1256400
2004/6/7,9.0175,9.06,8.9625,9.03,9.03,2052400
2004/6/8,9.03,9.1075,8.91,9.09,9.09,1584800
2004/6/9,9.1225,9.1375,8.9625,8.9825,8.9825,1823200
2004/6/10,9,9.05,8.9825,9,9,1085600
2004/6/14,8.975,9.0175,8.9575,8.9675,8.9675,824400
2004/6/15,8.9675,9.0975,8.9675,8.9925,8.9925,1139600
2004/6/16,9,9.0425,8.85,8.885,8.885,1628400
2004/6/17,8.875,8.975,8.8425,8.925,8.925,1225600
2004/6/18,8.8875,8.985,8.8675,8.9225,8.9225,1708400
2004/6/21,8.89,9.005,8.865,8.885,8.885,1576000
2004/6/22,8.91,8.975,8.845,8.975,8.975,936000
2004/6/23,8.975,9.03,8.87,9.0125,9.0125,660400
2004/6/24,8.925,8.975,8.525,8.75,8.75,9489200
2004/6/25,8.75,8.825,8.745,8.765,8.765,2368000
2004/6/28,8.745,8.775,8.6175,8.635,8.635,2041600
2004/6/29,8.61,8.8075,8.61,8.78,8.78,2163600
2004/6/30,8.7825,8.7825,8.6725,8.7125,8.7125,2678800
2004/7/1,8.7325,8.7375,8.5275,8.5425,8.5425,2600400
2004/7/2,8.5675,8.575,8.375,8.46,8.46,3283600
2004/7/6,8.47,8.485,8.3575,8.4125,8.4125,2436400
2004/7/7,8.4325,8.565,8.4325,8.495,8.495,1891600
2004/7/8,8.4975,8.4975,8.3475,8.38,8.38,1844400
2004/7/9,8.405,8.425,8.19,8.2775,8.2775,2565200
2004/7/12,8.3125,8.35,8.2,8.3025,8.3025,2268000
2004/7/13,8.2675,8.325,8.22,8.2525,8.2525,842000
2004/7/14,8.23,8.445,8.2125,8.3425,8.3425,1356800
2004/7/15,8.32,8.4675,8.2975,8.4175,8.4175,1446000
2004/7/16,8.425,8.4925,8.3175,8.3175,8.3175,1443600
2004/7/19,8.36,8.47,8.3575,8.415,8.415,1758000
2004/7/20,8.44,8.4775,8.375,8.405,8.405,1897600
2004/7/21,8.43,8.57,8.3975,8.4,8.4,1340000
2004/7/22,8.4,8.485,8.295,8.4125,8.4125,1190800
2004/7/23,8.425,8.4875,8.345,8.3575,8.3575,2065600
2004/7/26,8.355,8.36,8.1425,8.1925,8.1925,1304800
2004/7/27,8.1925,8.385,8.19,8.27,8.27,2714800
2004/7/28,8.4125,8.6925,8.4125,8.6125,8.6125,7501200
2004/7/29,8.6325,8.79,8.62,8.73,8.73,2538000
2004/7/30,8.73,8.88,8.6675,8.7925,8.7925,1563200
2004/8/2,8.805,8.92,8.7825,8.8825,8.8825,1491200
2004/8/3,8.8875,8.91,8.7125,8.7125,8.7125,1402800
2004/8/4,8.7125,8.725,8.59,8.6825,8.6825,1390400
2004/8/5,8.6875,8.695,8.515,8.535,8.535,1910400
2004/8/6,8.5,8.5025,8.275,8.34,8.34,1682800
2004/8/9,8.325,8.3825,8.26,8.28,8.28,753200
2004/8/10,8.28,8.4775,8.2575,8.45,8.45,2453600
2004/8/11,8.42,8.595,8.36,8.5475,8.5475,1021200
2004/8/12,8.5425,8.5425,8.385,8.455,8.455,841600
2004/8/13,8.475,8.4875,8.3825,8.4075,8.4075,484800
2004/8/16,8.41,8.5375,8.41,8.4725,8.4725,1570400
2004/8/17,8.4875,8.51,8.4175,8.45,8.45,907600
2004/8/18,8.45,8.5475,8.42,8.51,8.51,867200
2004/8/19,8.5,8.5375,8.475,8.5,8.5,858800
2004/8/20,8.5,8.655,8.4875,8.64,8.64,914400
2004/8/23,8.625,8.685,8.6175,8.6425,8.6425,813200
2004/8/24,8.68,8.7125,8.625,8.6625,8.6625,778800
2004/8/25,8.65,8.7475,8.635,8.7175,8.7175,584400
2004/8/26,8.72,8.74,8.6625,8.71,8.71,507600
2004/8/27,8.73,8.8475,8.7,8.825,8.825,864400
2004/8/30,8.8375,8.8375,8.7375,8.74,8.74,614800
2004/8/31,8.775,8.9,8.775,8.8275,8.8275,1490000
2004/9/1,8.795,8.98,8.795,8.98,8.98,877600
2004/9/2,9,9.0975,9,9.0875,9.0875,884400
2004/9/3,9.0625,9.12,9.005,9.0975,9.0975,1073600
2004/9/7,9.1125,9.135,9.08,9.13,9.13,1155200
2004/9/8,9.13,9.13,9.0275,9.0375,9.0375,2196800
2004/9/9,9.0375,9.04,8.8025,8.835,8.835,2009600
2004/9/10,8.8575,8.9425,8.8,8.8775,8.8775,1059200
2004/9/13,8.8775,8.91,8.85,8.8875,8.8875,982800
2004/9/14,8.9,8.9875,8.8375,8.9325,8.9325,1771200
2004/9/15,8.9125,8.935,8.8475,8.8925,8.8925,1394400
2004/9/16,8.9125,8.9625,8.9125,8.93,8.93,722400
2004/9/17,8.9475,9.08,8.9475,9.0625,9.0625,1090800
2004/9/20,9.05,9.125,9.0175,9.0425,9.0425,919200
2004/9/21,9.0425,9.065,8.985,9.0225,9.0225,853600
2004/9/22,9.0125,9.0125,8.895,8.94,8.94,987200
2004/9/23,8.94,8.9525,8.8875,8.9025,8.9025,1467200
2004/9/24,8.875,9.0875,8.875,8.97,8.97,802400
2004/9/27,8.925,8.9275,8.8025,8.825,8.825,1039200
2004/9/28,8.8125,8.815,8.405,8.525,8.525,5560400
2004/9/29,8.5625,8.705,8.3725,8.3775,8.3775,5056400
2004/9/30,8.3775,8.4125,8.275,8.375,8.375,5127600
2004/10/1,8.395,8.4625,8.38,8.3925,8.3925,3668400
2004/10/4,8.4425,8.49,8.4075,8.455,8.455,2330000
2004/10/5,8.47,8.5225,8.4125,8.5025,8.5025,3206000
2004/10/6,8.5225,8.5675,8.475,8.5225,8.5225,1635200
2004/10/7,8.535,8.535,8.3975,8.4,8.4,1646400
2004/10/8,8.4,8.4975,8.3175,8.3475,8.3475,1875600
2004/10/11,8.3475,8.3725,8.3125,8.3475,8.3475,1410000
2004/10/12,8.3475,8.35,8.25,8.25,8.25,2357200
2004/10/13,8.2875,8.31,8.15,8.15,8.15,2596800
2004/10/14,8.1625,8.2725,8.1625,8.195,8.195,1476800
2004/10/15,8.22,8.2925,8.1475,8.2025,8.2025,1530400
2004/10/18,8.2,8.4275,8.185,8.3725,8.3725,1376800
2004/10/19,8.375,8.3875,8.2275,8.25,8.25,1248000
2004/10/20,8.225,8.51,8.225,8.345,8.345,1934000
2004/10/21,8.3575,8.4075,8.3325,8.34,8.34,1316000
2004/10/22,8.375,8.6225,8.375,8.47,8.47,2330400
2004/10/25,8.47,8.47,8.2825,8.415,8.415,2088400
2004/10/26,8.42,8.5075,8.3625,8.405,8.405,2127600
2004/10/27,8.425,8.6275,8.425,8.625,8.625,1183200
2004/10/28,8.6275,8.745,8.605,8.6825,8.6825,944400
2004/10/29,8.6675,8.7425,8.4525,8.545,8.545,1885200
2004/11/1,8.5625,8.5875,8.4725,8.545,8.545,942400
2004/11/2,8.5625,8.6525,8.51,8.54,8.54,1116000
2004/11/3,8.5625,8.745,8.5625,8.6775,8.6775,832000
2004/11/4,8.675,8.7825,8.5825,8.77,8.77,1002000
2004/11/5,8.795,8.8775,8.775,8.84,8.84,1092400
2004/11/8,8.8375,8.9,8.8375,8.885,8.885,953200
2004/11/9,8.91,8.9525,8.74,8.8875,8.8875,1292000
2004/11/10,8.875,8.99,8.85,8.9425,8.9425,967200
2004/11/11,8.9625,9.02,8.875,8.99,8.99,740000
2004/11/12,9.05,9.05,8.8825,8.9975,8.9975,604400
2004/11/15,8.9975,9.035,8.9525,8.9775,8.9775,708400
2004/11/16,9,9.0925,8.955,8.975,8.975,1777600
2004/11/17,8.975,9.0925,8.9675,9.0075,9.0075,868400
2004/11/18,9.005,9.005,8.87,8.995,8.995,1037200
2004/11/19,9.0125,9.025,8.815,8.88,8.88,952000
2004/11/22,8.89,9.0075,8.865,9.005,9.005,830400
2004/11/23,9.005,9.1925,8.9875,9.175,9.175,1716000
2004/11/24,9.2125,9.325,9.2125,9.3,9.3,1049600
2004/11/26,9.25,9.315,9.25,9.2825,9.2825,622000
2004/11/29,9.325,9.37,9.2775,9.3625,9.3625,1012400
2004/11/30,9.3625,9.405,9.2975,9.4025,9.4025,930000
2004/12/1,9.4375,9.4375,9.3225,9.42,9.42,856400
2004/12/2,9.4,9.4025,9.2475,9.2625,9.2625,2469600
2004/12/3,8.9925,9.8875,8.9925,9.8675,9.8675,6294000
2004/12/6,9.8675,9.8675,9.605,9.6325,9.6325,3147600
2004/12/7,9.625,9.8375,9.625,9.7625,9.7625,2140800
2004/12/8,9.75,10.15,9.7425,10.13,10.13,3593600
2004/12/9,10.125,10.56,10.05,10.43,10.43,4750800
2004/12/10,10.4,10.5,10.34,10.4375,10.4375,1695200
2004/12/13,10.4075,10.425,10.2025,10.3,10.3,1967600
2004/12/14,10.2625,10.5125,10.13,10.4825,10.4825,2202000
2004/12/15,10.445,10.4625,10.19,10.26,10.26,2864400
2004/12/16,10.26,10.26,10.0775,10.245,10.245,2316000
2004/12/17,10.245,10.46,10.1875,10.3925,10.3925,1673200
2004/12/20,10.3925,10.4375,10.235,10.2775,10.2775,950800
2004/12/21,10.26,10.2625,10.105,10.1225,10.1225,1668400
2004/12/22,10.125,10.2375,10.1125,10.22,10.22,1182400
2004/12/23,10.2325,10.4525,10.2325,10.4325,10.4325,1397200
2004/12/27,10.435,10.4575,10.32,10.4225,10.4225,929600
2004/12/28,10.425,10.575,10.38,10.565,10.565,1182400
2004/12/29,10.565,10.565,10.425,10.4625,10.4625,666800
2004/12/30,10.45,10.47,10.3475,10.4525,10.4525,550400
2004/12/31,10.4525,10.4525,10.2975,10.315,10.315,923600
2005/1/3,10.315,10.355,10.1525,10.1875,10.1875,1612400
2005/1/4,10.1625,10.1675,9.94,9.97,9.97,2601600
2005/1/5,9.925,9.95,9.8375,9.8675,9.8675,1754000
2005/1/6,9.8675,10.0425,9.8675,10.0075,10.0075,1778800
2005/1/7,10,10.0475,9.92,10.0125,10.0125,713200
2005/1/10,10.01,10.3875,10.01,10.325,10.325,2053200
2005/1/11,10.3125,10.3125,10.05,10.0625,10.0625,1512800
2005/1/12,10.08,10.18,9.9475,10.025,10.025,2270800
2005/1/13,10.0125,10.11,9.9975,10.08,10.08,3052000
2005/1/14,10.055,10.295,10.04,10.295,10.295,1305600
2005/1/18,10.25,10.4775,10.2125,10.4725,10.4725,1375600
2005/1/19,10.46,10.4625,10.3,10.3275,10.3275,892800
2005/1/20,10.3,10.3625,10.16,10.2225,10.2225,1843600
2005/1/21,10.24,10.28,10.1975,10.2575,10.2575,1312800
2005/1/24,10.2575,10.49,10.25,10.335,10.335,2539200
2005/1/25,10.335,10.4375,10.2175,10.2225,10.2225,1128000
2005/1/26,10.225,10.3025,10.145,10.1825,10.1825,1530000
2005/1/27,10.1325,10.3375,10.125,10.2825,10.2825,1786800
2005/1/28,10.25,10.2825,9.6375,10.0425,10.0425,9047600
2005/1/31,10.105,10.195,10.0675,10.175,10.175,1820000
2005/2/1,10.1875,10.285,10.1025,10.1275,10.1275,2078400
2005/2/2,10.1275,10.19,9.9625,10.0625,10.0625,2217200
2005/2/3,10.0375,10.1225,9.975,10.1125,10.1125,1571600
2005/2/4,10.1125,10.175,10.09,10.15,10.15,2556000
2005/2/7,10.15,10.2675,10.1275,10.1575,10.1575,1796400
2005/2/8,10.1575,10.27,10.125,10.2225,10.2225,1849200
2005/2/9,10.2225,10.34,10.2,10.275,10.275,3217600
2005/2/10,10.3,10.425,10.3,10.35,10.35,1861600
2005/2/11,10.3875,10.6625,10.3825,10.6425,10.6425,1804000
2005/2/14,10.6425,10.7,10.4725,10.505,10.505,1880400
2005/2/15,10.5,10.5975,10.465,10.565,10.565,1037200
2005/2/16,10.565,10.6075,10.5375,10.5575,10.5575,1115200
2005/2/17,10.575,10.615,10.49,10.5,10.5,1078000
2005/2/18,10.5075,10.5075,10.45,10.465,10.465,1036800
2005/2/22,10.44,10.45,10.3125,10.3125,10.3125,1476800
2005/2/23,10.3125,10.5125,10.3075,10.4925,10.4925,1234800
2005/2/24,10.465,10.625,10.4475,10.6125,10.6125,1203600
2005/2/25,10.6125,10.7,10.515,10.6875,10.6875,1656000
2005/2/28,10.6625,10.755,10.605,10.7525,10.7525,1527600
2005/3/1,10.8,10.9325,10.7575,10.9075,10.9075,1634400
2005/3/2,10.9375,11.0575,10.8525,11.02,11.02,1710400
2005/3/3,11.005,11.005,10.8525,10.9425,10.9425,1660400
2005/3/4,10.975,11.03,10.8775,10.9825,10.9825,779200
2005/3/7,10.9625,10.9625,10.845,10.8875,10.8875,1132800
2005/3/8,10.8875,10.98,10.7075,10.7675,10.7675,1396000
2005/3/9,10.75,10.8775,10.7475,10.8675,10.8675,896400
2005/3/10,10.88,10.97,10.8175,10.8575,10.8575,958800
2005/3/11,10.8725,10.905,10.825,10.855,10.855,1258000
2005/3/14,10.8625,11.0875,10.86,11.07,11.07,1480000
2005/3/15,11.1125,11.16,10.8725,10.92,10.92,955600
2005/3/16,10.92,10.92,10.7075,10.7375,10.7375,1258800
2005/3/17,10.725,10.8175,10.6775,10.76,10.76,776000
2005/3/18,10.8225,10.855,10.78,10.845,10.845,1856800
2005/3/21,10.82,10.8925,10.75,10.875,10.875,957600
2005/3/22,10.875,10.9125,10.77,10.8225,10.8225,1305200
2005/3/23,10.8,10.82,10.7525,10.7775,10.7775,1413200
2005/3/24,10.7775,10.835,10.715,10.7175,10.7175,1565200
2005/3/28,10.7125,10.75,10.6475,10.72,10.72,1058400
2005/3/29,10.6825,10.84,10.65,10.7525,10.7525,1230400
2005/3/30,10.75,10.855,10.685,10.8525,10.8525,2278400
2005/3/31,10.8525,10.8625,10.7925,10.805,10.805,1363200
2005/4/1,10.775,10.875,10.775,10.8075,10.8075,3400800
2005/4/4,10.825,10.83,10.6275,10.6825,10.6825,1310000
2005/4/5,10.6875,10.765,10.6875,10.735,10.735,1297200
2005/4/6,10.7425,10.82,10.705,10.725,10.725,1430400
2005/4/7,10.695,10.7,10.6225,10.67,10.67,1857600
2005/4/8,10.6475,10.6475,10.5625,10.6225,10.6225,869600
2005/4/11,10.6225,10.685,10.605,10.6225,10.6225,816800
2005/4/12,10.625,10.6425,10.5025,10.56,10.56,1502800
2005/4/13,10.585,10.72,10.5725,10.63,10.63,1240000
2005/4/14,10.625,10.6625,10.45,10.4975,10.4975,3590800
2005/4/15,10.46,10.635,10.425,10.4625,10.4625,1739200
2005/4/18,10.4375,10.56,10.405,10.5175,10.5175,1467600
2005/4/19,10.5625,10.65,10.5325,10.605,10.605,1464800
2005/4/20,10.62,10.715,10.525,10.535,10.535,1425200
2005/4/21,10.5975,10.64,10.4525,10.5975,10.5975,3512000
2005/4/22,10.5975,10.69,10.4525,10.655,10.655,3856400
2005/4/25,10.6625,10.9825,10.6575,10.945,10.945,3682000
2005/4/26,10.95,11.08,10.8325,10.9025,10.9025,2430400
2005/4/27,10.935,11.0125,10.8175,10.9975,10.9975,1205600
2005/4/28,10.995,11.05,10.9375,11.0275,11.0275,2244800
2005/4/29,11.0325,11.0375,10.915,11.01,11.01,3202400
2005/5/2,11,11.225,11,11.19,11.19,2220000
2005/5/3,11.1825,11.35,11.155,11.2725,11.2725,2314800
2005/5/4,11.2825,11.37,11.2375,11.3325,11.3325,2104000
2005/5/5,11.3325,11.4275,11.2325,11.385,11.385,1792000
2005/5/6,11.3975,11.45,11.375,11.4325,11.4325,1060000
2005/5/9,11.43,11.55,11.3575,11.55,11.55,1692400
2005/5/10,11.5,11.6725,11.33,11.3775,11.3775,3440000
2005/5/11,11.3775,11.4875,11.3525,11.475,11.475,615200
2005/5/12,11.435,11.4625,11.3125,11.34,11.34,1346000
2005/5/13,11.325,11.3475,11.1375,11.265,11.265